Time (s),Left Foot X,Left Foot Y,Right Foot X,Right Foot Y
0.7295970916748047,0.5808901190757751,1.011506199836731,0.5564244389533997,0.99195796251297
0.929610013961792,0.5282369256019592,0.8460689783096313,0.5053361654281616,0.7999032139778137
1.0034818649291992,0.5266419053077698,0.7922810912132263,0.48270440101623535,0.7448834776878357
1.0435521602630615,0.5050715208053589,0.6325581073760986,0.4434284269809723,0.5673611760139465
1.087108850479126,0.5088979601860046,0.6603633165359497,0.44209855794906616,0.636475145816803
1.1269710063934326,0.5549565553665161,0.5838049054145813,0.46094733476638794,0.5939158201217651
1.1674110889434814,0.535129189491272,0.6679804921150208,0.442946195602417,0.6578518152236938
1.210310935974121,0.5299955010414124,0.5720816850662231,0.439931720495224,0.5597259998321533
1.248000144958496,0.5152535438537598,0.6401644945144653,0.4341031014919281,0.6188480854034424
1.2918479442596436,0.5153302550315857,0.6661808490753174,0.43899625539779663,0.6273024678230286
1.3322689533233643,0.517829179763794,0.6743431687355042,0.4447823166847229,0.6426529288291931
1.3793461322784424,0.5182541012763977,0.6558104157447815,0.4361608922481537,0.6383576989173889
1.4150679111480713,0.5010576844215393,0.6547320485115051,0.40679997205734253,0.6456279754638672
1.4538400173187256,0.5028915405273438,0.7515879273414612,0.4160288870334625,0.7960590720176697
1.4970319271087646,0.5331703424453735,0.7532252669334412,0.4227360188961029,0.8036312460899353
1.53749418258667,0.5344816446304321,0.86065274477005,0.4319334626197815,0.9087981581687927
1.5782029628753662,0.49894970655441284,1.1073248386383057,0.4011085033416748,1.171050786972046
1.6179580688476562,0.49440544843673706,1.2359018325805664,0.3777026832103729,1.2669169902801514
1.6588389873504639,0.4996492266654968,1.434484839439392,0.3781166672706604,1.458217740058899
1.699599027633667,0.501785933971405,1.6045254468917847,0.3578009009361267,1.6235363483428955
1.742433786392212,0.5037714838981628,1.7435319423675537,0.35787448287010193,1.7420951128005981
1.7861220836639404,0.529058575630188,1.9655123949050903,0.37191638350486755,1.970104455947876
1.8292880058288574,0.5411637425422668,1.9627798795700073,0.3782656192779541,1.9865046739578247
1.8643369674682617,0.5710514783859253,2.058967113494873,0.4150177538394928,2.055027484893799
1.906682014465332,0.5721989870071411,2.1932473182678223,0.41835111379623413,2.185558319091797
1.953287124633789,0.5632132291793823,2.2719931602478027,0.41587409377098083,2.239103317260742
1.9890358448028564,0.5596334338188171,2.333010673522949,0.4051083028316498,2.323192834854126
2.0344159603118896,0.5563088059425354,2.389542818069458,0.4026264250278473,2.3642826080322266
2.0703859329223633,0.5571996569633484,2.4207959175109863,0.40499645471572876,2.4085657596588135
2.1122429370880127,0.5625062584877014,2.4360463619232178,0.4050593972206116,2.4232373237609863
2.1533091068267822,0.5629855394363403,2.4891531467437744,0.4014008045196533,2.466942310333252
2.192202091217041,0.5724709630012512,2.541210889816284,0.404014527797699,2.5326435565948486
2.2383909225463867,0.579006552696228,2.562608242034912,0.40531057119369507,2.5714991092681885
2.2763311862945557,0.586295485496521,2.543997287750244,0.42696571350097656,2.5514798164367676
2.3188669681549072,0.5832279920578003,2.5033271312713623,0.42020368576049805,2.5163400173187256
2.355947971343994,0.5805786848068237,2.5204694271087646,0.4199456572532654,2.537835121154785
2.4064760208129883,0.5786848664283752,2.483123540878296,0.4188774526119232,2.5030057430267334
2.4405009746551514,0.5780973434448242,2.4803121089935303,0.4190496504306793,2.503549814224243
2.4843060970306396,0.5769665241241455,2.516629457473755,0.41840243339538574,2.536926031112671
2.5208499431610107,0.5759590268135071,2.4891672134399414,0.4200773239135742,2.50787615776062
2.5623250007629395,0.575133204460144,2.4795215129852295,0.42337507009506226,2.5047411918640137
2.60499906539917,0.577296257019043,2.467024087905884,0.43157902359962463,2.494364023208618
2.646303176879883,0.5770511627197266,2.37843656539917,0.43225640058517456,2.411194086074829
2.6843349933624268,0.5782212018966675,2.253830909729004,0.44467830657958984,2.296382188796997
2.7239818572998047,0.5817980170249939,2.2942144870758057,0.4480438232421875,2.3393914699554443
2.767538070678711,0.5843564867973328,2.1810529232025146,0.4605289399623871,2.192401170730591
2.8130838871002197,0.5823706984519958,2.171818256378174,0.4593955874443054,2.1903157234191895
2.895279884338379,0.5819066762924194,1.915319800376892,0.48243504762649536,1.9363335371017456
2.935969829559326,0.5808485746383667,1.9829038381576538,0.4744006097316742,2.004685401916504
2.972407817840576,0.5778921842575073,1.82082200050354,0.48015767335891724,1.8273043632507324
3.019932985305786,0.5818110704421997,1.8525491952896118,0.4951182007789612,1.8697377443313599
3.1005120277404785,0.5812174081802368,1.8963466882705688,0.4874541163444519,1.9083175659179688
3.1342990398406982,0.5810772180557251,1.9028260707855225,0.48606759309768677,1.9367178678512573
3.177396059036255,0.5804914236068726,1.7936984300613403,0.48905524611473083,1.7711488008499146
3.219449996948242,0.5787521004676819,1.8371368646621704,0.48572397232055664,1.815781831741333
3.2534029483795166,0.5776015520095825,2.0793728828430176,0.46494555473327637,2.089954376220703
3.3008580207824707,0.5733660459518433,2.2886316776275635,0.4287795424461365,2.3115642070770264
3.3379390239715576,0.5726249814033508,2.4606456756591797,0.42721232771873474,2.4896318912506104
3.3809640407562256,0.5778809785842896,2.568894863128662,0.42608141899108887,2.5978565216064453
3.4245569705963135,0.5780507922172546,2.6294078826904297,0.4178749620914459,2.657992362976074
3.468057870864868,0.5780798196792603,2.626005172729492,0.415144145488739,2.6547749042510986
3.50445294380188,0.5819531679153442,2.6546218395233154,0.41898781061172485,2.682615280151367
3.545727014541626,0.5894576907157898,2.6522560119628906,0.4215804636478424,2.6780853271484375
3.589869976043701,0.591581404209137,2.6644694805145264,0.4231114983558655,2.6847543716430664
3.6285879611968994,0.5909544229507446,2.6534485816955566,0.423771470785141,2.672203302383423
3.6677770614624023,0.5906094908714294,2.6475439071655273,0.4231768548488617,2.664278745651245
3.7102558612823486,0.5937025547027588,2.6619365215301514,0.42557159066200256,2.6832387447357178
3.750643014907837,0.5864872932434082,2.655646562576294,0.42160481214523315,2.68086314201355
3.794614791870117,0.5848124027252197,2.641329050064087,0.4146784245967865,2.665562152862549
3.8356728553771973,0.5856292843818665,2.6428606510162354,0.41575151681900024,2.670262575149536
3.8759939670562744,0.5864998698234558,2.6683602333068848,0.4165116846561432,2.679354190826416
3.9155969619750977,0.586289644241333,2.6618645191192627,0.4161544442176819,2.670175313949585
3.9561009407043457,0.604378342628479,2.7063822746276855,0.4155352711677551,2.7200889587402344
4.000624895095825,0.6035882234573364,2.6954455375671387,0.39797693490982056,2.7056329250335693
4.038442134857178,0.6042008399963379,2.70263934135437,0.3869531750679016,2.705392599105835
4.077569961547852,0.5984969735145569,2.6973581314086914,0.3779778778553009,2.6897428035736084
4.117763996124268,0.5812792181968689,2.6905391216278076,0.3532903790473938,2.6861767768859863
4.161571979522705,0.5821210145950317,2.7058935165405273,0.35998964309692383,2.6924428939819336
4.20315408706665,0.5786358118057251,2.7143657207489014,0.3547571003437042,2.7103114128112793
4.2426981925964355,0.5770130157470703,2.7164266109466553,0.35429853200912476,2.71783709526062
4.28213906288147,0.5682635307312012,2.7171950340270996,0.3490639925003052,2.7167563438415527
4.325075149536133,0.577752411365509,2.7134594917297363,0.3569747805595398,2.7164947986602783
4.364378929138184,0.5780153870582581,2.711116313934326,0.3579551577568054,2.714198589324951
4.413536071777344,0.5836051106452942,2.71043062210083,0.3676595687866211,2.7127633094787598
4.447692155838013,0.5826342701911926,2.6989896297454834,0.3666355013847351,2.698552370071411
4.488645076751709,0.5842328667640686,2.6925902366638184,0.3685566186904907,2.6962788105010986
4.529735088348389,0.584563672542572,2.6886446475982666,0.3718564808368683,2.6956496238708496
4.570446014404297,0.5842283964157104,2.68213152885437,0.37189310789108276,2.692765712738037
4.613842964172363,0.5848596096038818,2.6791768074035645,0.3747958838939667,2.686995029449463
4.650025129318237,0.5871797800064087,2.6749751567840576,0.38216084241867065,2.685582399368286
4.695156097412109,0.5892946124076843,2.6649420261383057,0.3886008858680725,2.6800782680511475
4.732388019561768,0.5929897427558899,2.6581826210021973,0.39627814292907715,2.6765010356903076
4.775304079055786,0.5995738506317139,2.6584725379943848,0.3970905542373657,2.676658868789673
4.820303916931152,0.599995493888855,2.6630330085754395,0.3967891335487366,2.6805036067962646
4.8594629764556885,0.5995907783508301,2.66333270072937,0.3963242769241333,2.6762712001800537
4.89710807800293,0.6005741357803345,2.660125494003296,0.39915305376052856,2.670482873916626
4.9386818408966064,0.5949733853340149,2.6600730419158936,0.3955489993095398,2.670806646347046
4.979970932006836,0.5842081308364868,2.657365322113037,0.37765172123908997,2.6654531955718994
5.027902126312256,0.5644958019256592,2.6570348739624023,0.3502022624015808,2.661334991455078
5.062358140945435,0.566429078578949,2.6572556495666504,0.3565256595611572,2.660242795944214
5.108531951904297,0.5692758560180664,2.6590466499328613,0.35909247398376465,2.660512924194336
5.144367933273315,0.5639740824699402,2.672229290008545,0.3443520665168762,2.668821096420288
5.1888651847839355,0.5705462694168091,2.6787405014038086,0.34713810682296753,2.671855926513672
5.22472882270813,0.5766302943229675,2.682868719100952,0.34939032793045044,2.674614429473877
5.2679760456085205,0.5793138742446899,2.691049098968506,0.3518398404121399,2.677875518798828
5.306913137435913,0.5981671810150146,2.6902499198913574,0.3779255747795105,2.6778531074523926
5.350877046585083,0.5981597900390625,2.683828353881836,0.3804008364677429,2.66929292678833
5.395018100738525,0.5955197811126709,2.683601140975952,0.3798890709877014,2.6700243949890137
5.431895971298218,0.59518963098526,2.682155132293701,0.3816145360469818,2.669400691986084
5.472212076187134,0.5964820384979248,2.6780006885528564,0.383565753698349,2.6652536392211914
5.513235092163086,0.5961591601371765,2.678245782852173,0.38330766558647156,2.665698766708374
5.554586887359619,0.595554530620575,2.6765635013580322,0.3829130530357361,2.6628611087799072
5.598873853683472,0.5924415588378906,2.680035352706909,0.3824720084667206,2.667114496231079
5.636840105056763,0.5883325338363647,2.694675922393799,0.37784430384635925,2.68188214302063
5.678570032119751,0.5883715748786926,2.694812059402466,0.37800782918930054,2.685797691345215
5.716523170471191,0.5887506008148193,2.6944785118103027,0.3781895637512207,2.6893935203552246
5.757012128829956,0.5897432565689087,2.6960790157318115,0.38166505098342896,2.6930644512176514
5.804340124130249,0.5905426740646362,2.6958231925964355,0.3820253014564514,2.6921353340148926
5.8418660163879395,0.5866833329200745,2.6955134868621826,0.37975114583969116,2.6919262409210205
5.884145975112915,0.5889254808425903,2.6979238986968994,0.38011330366134644,2.6937317848205566
5.924520969390869,0.5881698131561279,2.6987760066986084,0.37868574261665344,2.6952321529388428
5.96380615234375,0.5865676403045654,2.6988885402679443,0.37304070591926575,2.6950719356536865
6.008594989776611,0.5866177082061768,2.698890209197998,0.3731154799461365,2.694995164871216
6.046170949935913,0.5882472991943359,2.700561046600342,0.3731924593448639,2.6963610649108887
6.087340831756592,0.588604748249054,2.698953866958618,0.37236547470092773,2.694735527038574
6.128756046295166,0.5782185792922974,2.685311794281006,0.3578038811683655,2.676067352294922
6.172770977020264,0.5890029668807983,2.6624066829681396,0.37556618452072144,2.656615972518921
6.21264386177063,0.6072750687599182,2.6647489070892334,0.39770811796188354,2.659071445465088
6.249417066574097,0.6126171350479126,2.665994644165039,0.4043644964694977,2.6606595516204834
6.294770956039429,0.6217144131660461,2.665332794189453,0.41457563638687134,2.6618170738220215
6.334599018096924,0.6270703077316284,2.6654160022735596,0.42536044120788574,2.66420841217041
6.369107007980347,0.6317561268806458,2.6626288890838623,0.4280100464820862,2.6646933555603027
6.418700218200684,0.631494402885437,2.659015655517578,0.4203178882598877,2.662794589996338
6.457061052322388,0.627412736415863,2.658902406692505,0.41951489448547363,2.6635208129882812
6.4959728717803955,0.6317071914672852,2.6559667587280273,0.426769495010376,2.6636953353881836
6.54071307182312,0.6313105821609497,2.6436657905578613,0.4265327453613281,2.653012990951538
6.5797131061553955,0.6304799318313599,2.6439456939697266,0.4243849813938141,2.654014825820923
6.626338958740234,0.6300345659255981,2.6447181701660156,0.42319637537002563,2.654858112335205
6.662909030914307,0.6383196711540222,2.640566110610962,0.4326373040676117,2.655088186264038
6.70097017288208,0.6270328760147095,2.640986204147339,0.4146502614021301,2.655111789703369
6.7513298988342285,0.6321084499359131,2.641697406768799,0.418891578912735,2.6612656116485596
6.789555072784424,0.6328976154327393,2.6445868015289307,0.4272232949733734,2.673471689224243
6.825778961181641,0.6316614151000977,2.6574952602386475,0.4257570207118988,2.6807589530944824
6.86890721321106,0.6314602494239807,2.6583051681518555,0.42561131715774536,2.681929111480713
6.909526824951172,0.6027971506118774,2.609001398086548,0.39978480339050293,2.6325430870056152
6.951174020767212,0.605209231376648,2.5183370113372803,0.39913761615753174,2.5238444805145264
6.9945502281188965,0.6139661073684692,2.4906413555145264,0.40088191628456116,2.4937148094177246
7.030431032180786,0.6269443035125732,2.471437454223633,0.40656137466430664,2.4797637462615967
7.072149038314819,0.643561065196991,2.4832468032836914,0.4234841465950012,2.491611957550049
7.1124491691589355,0.6532739996910095,2.48201322555542,0.43702030181884766,2.4894490242004395
7.154097080230713,0.6396779417991638,2.451280355453491,0.4256513714790344,2.457421064376831
7.199905872344971,0.614581286907196,2.440157651901245,0.4057588577270508,2.454765558242798
7.238415956497192,0.6163201928138733,2.4403998851776123,0.40675410628318787,2.4617605209350586
7.279561996459961,0.6104094982147217,2.43554949760437,0.4016541540622711,2.4612205028533936
7.3158581256866455,0.6152156591415405,2.429931402206421,0.4085082411766052,2.4522078037261963
7.357889890670776,0.6142448782920837,2.4198269844055176,0.4076479375362396,2.439136028289795
7.405977010726929,0.613296389579773,2.3989572525024414,0.40538111329078674,2.42413330078125
7.439637184143066,0.6134598255157471,2.411525011062622,0.3982795774936676,2.4337260723114014
7.482893943786621,0.6133657693862915,2.40252423286438,0.39851468801498413,2.423927068710327
7.526949882507324,0.5901371836662292,2.408487558364868,0.37335363030433655,2.429926633834839
7.565400838851929,0.5772969126701355,2.412548542022705,0.3661109507083893,2.4331653118133545
7.610390901565552,0.5773695111274719,2.4133224487304688,0.3620876371860504,2.433086633682251
7.644196033477783,0.5765882730484009,2.4145617485046387,0.36342641711235046,2.4356744289398193
7.688529014587402,0.5797417163848877,2.415526866912842,0.36662954092025757,2.4368412494659424
7.725442886352539,0.5817714929580688,2.4118032455444336,0.3690517246723175,2.4313807487487793
7.7717320919036865,0.5829044580459595,2.4127748012542725,0.3794182538986206,2.432096004486084
7.811288833618164,0.583349883556366,2.415886878967285,0.3867146968841553,2.43277645111084
7.847585201263428,0.5936229228973389,2.423938274383545,0.4044933319091797,2.439849853515625
7.893357992172241,0.5931099653244019,2.431332588195801,0.402716726064682,2.4437053203582764
7.933174133300781,0.584469735622406,2.445345163345337,0.3968610167503357,2.4560651779174805
7.967633962631226,0.5849460363388062,2.45041561126709,0.3964541554450989,2.4647889137268066
8.016937971115112,0.5850538611412048,2.4577648639678955,0.3962322473526001,2.472353458404541
8.053174018859863,0.5851227045059204,2.4604334831237793,0.39596182107925415,2.475569486618042
8.09643292427063,0.5852835178375244,2.4638609886169434,0.3971065580844879,2.4807019233703613
8.137253046035767,0.5800173878669739,2.468327760696411,0.3924262523651123,2.482797861099243
8.179126977920532,0.5787135362625122,2.4672365188598633,0.3910747170448303,2.482182741165161
8.224039077758789,0.5730660557746887,2.4722399711608887,0.38459640741348267,2.4849629402160645
8.260238885879517,0.5686944127082825,2.4712724685668945,0.376173198223114,2.4831769466400146
8.29984998703003,0.5596955418586731,2.472407579421997,0.36622101068496704,2.4826173782348633
8.34304404258728,0.5616041421890259,2.4717161655426025,0.36798059940338135,2.4743824005126953
8.382566928863525,0.5629147887229919,2.470024347305298,0.36867254972457886,2.472472906112671
8.426265954971313,0.5578645467758179,2.4694159030914307,0.3644903898239136,2.464996337890625
8.467972993850708,0.5514167547225952,2.466238021850586,0.3560720980167389,2.452765464782715
8.508348941802979,0.5488282442092896,2.466323137283325,0.3541613221168518,2.452925205230713
8.548947095870972,0.5479698777198792,2.464663505554199,0.3519006073474884,2.447033405303955
8.59069299697876,0.5486239194869995,2.4588332176208496,0.35317009687423706,2.4453012943267822
8.632529020309448,0.5440927147865295,2.4542036056518555,0.3456982672214508,2.441910743713379
8.676362991333008,0.5452779531478882,2.4333930015563965,0.34715166687965393,2.4210729598999023
8.754519939422607,0.5425501465797424,2.425229549407959,0.34479188919067383,2.409599542617798
8.796113967895508,0.553192138671875,2.424445867538452,0.3570297360420227,2.411560535430908
8.832659006118774,0.5530029535293579,2.425553321838379,0.35633736848831177,2.413088083267212
8.88059401512146,0.5527647137641907,2.4257235527038574,0.3565482497215271,2.413447141647339
8.91543197631836,0.5521671175956726,2.4287240505218506,0.3558198809623718,2.4136905670166016
8.959590911865234,0.5511430501937866,2.4324960708618164,0.3540148138999939,2.416541337966919
9.000196933746338,0.5524482727050781,2.433384895324707,0.3545383810997009,2.4180715084075928
9.040230989456177,0.5564903020858765,2.4357495307922363,0.35513126850128174,2.422236919403076
9.080313920974731,0.5588270425796509,2.44622540473938,0.3549668490886688,2.436392307281494
9.125010967254639,0.5679662823677063,2.4477295875549316,0.35762110352516174,2.4377198219299316
9.16222095489502,0.5705338716506958,2.4510581493377686,0.3598228096961975,2.441983938217163
9.202100992202759,0.5698703527450562,2.4564900398254395,0.35781216621398926,2.4434659481048584
9.248056888580322,0.5777339339256287,2.453669309616089,0.36398178339004517,2.443192481994629
9.285403966903687,0.5790857076644897,2.4383206367492676,0.36667680740356445,2.4391298294067383
9.325277090072632,0.5786125063896179,2.432185173034668,0.36639347672462463,2.4338011741638184
9.372349977493286,0.5758676528930664,2.437492609024048,0.36156222224235535,2.435405731201172
9.407770872116089,0.5753815174102783,2.4371228218078613,0.3589245676994324,2.4332406520843506
9.443767786026001,0.5749991536140442,2.4439051151275635,0.3580090403556824,2.4422011375427246
9.491235971450806,0.5747429132461548,2.4476778507232666,0.3574543595314026,2.4452455043792725
9.532288074493408,0.567663848400116,2.4504318237304688,0.3495791256427765,2.4470579624176025
9.573730945587158,0.571340799331665,2.447380304336548,0.34987112879753113,2.4427804946899414
9.620781898498535,0.5747677087783813,2.4615399837493896,0.3575519919395447,2.4613521099090576
9.654168844223022,0.5757032632827759,2.46185040473938,0.35914239287376404,2.4615540504455566
9.698937892913818,0.5761045217514038,2.4675378799438477,0.361361563205719,2.467414379119873
9.737874031066895,0.5775045156478882,2.4679160118103027,0.3657485842704773,2.4682061672210693
9.775241136550903,0.5778452157974243,2.4678192138671875,0.36795252561569214,2.467458486557007
9.820292949676514,0.5774892568588257,2.4712562561035156,0.36890915036201477,2.4732038974761963
9.861135005950928,0.5774690508842468,2.4708144664764404,0.36906442046165466,2.4735655784606934
9.899784088134766,0.579760730266571,2.479363441467285,0.37517035007476807,2.4822304248809814
9.935980796813965,0.5779266357421875,2.477532148361206,0.36769160628318787,2.4800546169281006
9.982388019561768,0.578593373298645,2.4837520122528076,0.36895090341567993,2.486281633377075
10.03414511680603,0.5782095789909363,2.495161771774292,0.3698810935020447,2.5062594413757324
10.106276035308838,0.5783072710037231,2.494025707244873,0.38148587942123413,2.5033071041107178
10.145686864852905,0.5801902413368225,2.505131244659424,0.3914126455783844,2.5156750679016113
10.189085960388184,0.5806645154953003,2.5031330585479736,0.39271146059036255,2.5135488510131836
10.233341932296753,0.5808072686195374,2.5028626918792725,0.3924849033355713,2.511995315551758
10.269708156585693,0.5750301480293274,2.5009045600891113,0.3853324353694916,2.508856773376465
10.313540935516357,0.5718650817871094,2.505220890045166,0.37723442912101746,2.5112624168395996
10.351321935653687,0.5719244480133057,2.5048139095306396,0.37622976303100586,2.5111243724823
10.395067930221558,0.572243332862854,2.5064876079559326,0.3763609528541565,2.510497808456421
10.438166856765747,0.572367787361145,2.505849599838257,0.37621626257896423,2.509355068206787
10.475291013717651,0.5715491771697998,2.5078060626983643,0.375640332698822,2.5089871883392334
10.516683101654053,0.5713546276092529,2.5078072547912598,0.37341955304145813,2.5087199211120605
10.559595108032227,0.5711551308631897,2.52026629447937,0.3731311559677124,2.5230674743652344
10.597247123718262,0.5710245966911316,2.513273239135742,0.37228336930274963,2.516885757446289
10.643734216690063,0.5764876008033752,2.5161123275756836,0.3777208924293518,2.520578622817993
10.681826829910278,0.5632011294364929,2.5024454593658447,0.36355701088905334,2.513030767440796
10.723928928375244,0.5615671873092651,2.49054217338562,0.3575107455253601,2.504401683807373
10.767433166503906,0.5614302754402161,2.4908432960510254,0.35429054498672485,2.504385232925415
10.804381132125854,0.5882923603057861,2.473592758178711,0.37677764892578125,2.4789767265319824
10.849413871765137,0.6160338521003723,2.4742016792297363,0.40426889061927795,2.480952739715576
10.8854820728302,0.6292585134506226,2.474884271621704,0.41748183965682983,2.4824774265289307
10.924974918365479,0.6288970708847046,2.4741296768188477,0.4145992696285248,2.483255624771118
10.967724800109863,0.6229437589645386,2.474334955215454,0.40933719277381897,2.4884426593780518
11.00718903541565,0.6239751577377319,2.481459379196167,0.41206496953964233,2.497227907180786
11.046229124069214,0.6214966177940369,2.487666606903076,0.4120149612426758,2.5023205280303955
11.088228940963745,0.6386896967887878,2.492884397506714,0.4311673045158386,2.5086426734924316
11.129449129104614,0.6336743235588074,2.497058868408203,0.4305728077888489,2.5081751346588135
11.17221999168396,0.61646968126297,2.502018928527832,0.4133536219596863,2.507969617843628
11.228302001953125,0.5891837477684021,2.5516979694366455,0.38758981227874756,2.538351535797119
11.29210615158081,0.5843684673309326,2.615816354751587,0.38577330112457275,2.6040945053100586
11.336785078048706,0.575934112071991,2.6434264183044434,0.3818514943122864,2.631422281265259
11.374788999557495,0.578679621219635,2.6430180072784424,0.38360223174095154,2.6336445808410645
11.419971942901611,0.580680251121521,2.6554274559020996,0.3845626413822174,2.644411563873291
11.463321924209595,0.5805175304412842,2.659996747970581,0.3849366009235382,2.649505853652954
11.539650917053223,0.5810366272926331,2.6561801433563232,0.38264647126197815,2.649237871170044
11.58063793182373,0.5787344574928284,2.6478638648986816,0.3775569200515747,2.640610694885254
11.622047185897827,0.5777132511138916,2.6441099643707275,0.37698906660079956,2.6384191513061523
11.66792893409729,0.5780080556869507,2.65688419342041,0.3778858780860901,2.65175199508667
11.707043886184692,0.588267982006073,2.660600185394287,0.38858562707901,2.6561245918273926
11.740002870559692,0.5894069671630859,2.6783480644226074,0.39137983322143555,2.6739044189453125
11.790971994400024,0.5895246267318726,2.6865806579589844,0.39156192541122437,2.6814074516296387
11.833446025848389,0.5927173495292664,2.6983602046966553,0.39611566066741943,2.697554588317871
11.868828058242798,0.5995417237281799,2.706876277923584,0.40505561232566833,2.705209493637085
11.90858793258667,0.616094708442688,2.695591449737549,0.41743069887161255,2.698429584503174
11.950567960739136,0.6371979713439941,2.6953842639923096,0.435614675283432,2.702862024307251
11.990952968597412,0.6498640775680542,2.692739963531494,0.44782739877700806,2.702131509780884
12.035349130630493,0.6601170897483826,2.658432960510254,0.4559812545776367,2.698263645172119
12.07502818107605,0.6719921231269836,2.624413013458252,0.46200400590896606,2.669830560684204
12.115883827209473,0.6710748672485352,2.62631893157959,0.4593318998813629,2.6685702800750732
12.156378984451294,0.6632341146469116,2.631676435470581,0.45796599984169006,2.6730878353118896
12.195672988891602,0.6622103452682495,2.6742398738861084,0.4532518982887268,2.7093255519866943
12.240548849105835,0.6593207120895386,2.7032392024993896,0.44355639815330505,2.723320960998535
12.277537822723389,0.6586242914199829,2.700514316558838,0.4399879574775696,2.7209091186523438
12.320436000823975,0.652413547039032,2.697640895843506,0.43375363945961,2.7204654216766357
12.362024068832397,0.6553453207015991,2.696988344192505,0.44304895401000977,2.7181546688079834
12.403675079345703,0.6669816970825195,2.6894891262054443,0.4618404805660248,2.7161953449249268
12.445914030075073,0.6647405624389648,2.677762746810913,0.46119529008865356,2.711033582687378
12.52478814125061,0.6415675282478333,2.6789071559906006,0.4379878640174866,2.71085524559021
12.565464973449707,0.6234689354896545,2.678229331970215,0.42145800590515137,2.698615312576294
12.60756802558899,0.6259942054748535,2.678025245666504,0.4227118492126465,2.6985137462615967
12.653126955032349,0.6232791543006897,2.675388813018799,0.4207647442817688,2.698369264602661
12.6874520778656,0.6223308444023132,2.673689842224121,0.41944199800491333,2.6986403465270996
12.72947907447815,0.6235761046409607,2.675858974456787,0.4201553463935852,2.7054409980773926
12.76724100112915,0.6210840940475464,2.678964138031006,0.41864854097366333,2.705425977706909
12.813024044036865,0.6167134642601013,2.6770365238189697,0.4130931496620178,2.7026333808898926
12.855759859085083,0.6176185011863708,2.676215887069702,0.413923978805542,2.7013070583343506
12.893182039260864,0.6184296011924744,2.6767334938049316,0.4130311608314514,2.706052541732788
12.93329906463623,0.6303499937057495,2.6674482822418213,0.42604392766952515,2.7009456157684326
12.974723815917969,0.6303300261497498,2.6679415702819824,0.42351970076560974,2.7012040615081787
13.01742696762085,0.6136041879653931,2.667412519454956,0.39865776896476746,2.6997170448303223
13.061146020889282,0.5929969549179077,2.667436122894287,0.3764134645462036,2.6984333992004395
13.09967303276062,0.5960813164710999,2.666811227798462,0.3831932842731476,2.6924705505371094
13.13844108581543,0.5972421765327454,2.660169839859009,0.38514092564582825,2.683259963989258
13.180123090744019,0.5875296592712402,2.657733678817749,0.3727289140224457,2.672476291656494
13.222957849502563,0.5902710556983948,2.657963514328003,0.3732227683067322,2.6710517406463623
13.268791913986206,0.5919308662414551,2.6581084728240967,0.37741178274154663,2.6707098484039307
13.305296897888184,0.5913031697273254,2.65230131149292,0.37791258096694946,2.6525800228118896
13.348014831542969,0.5897935628890991,2.65132474899292,0.37974464893341064,2.6528916358947754
13.385825157165527,0.5948768258094788,2.6249282360076904,0.3936957120895386,2.6236045360565186
13.432726860046387,0.5942383408546448,2.628197431564331,0.3924574851989746,2.6297109127044678
13.46771502494812,0.5988802313804626,2.6282944679260254,0.39266249537467957,2.6333792209625244
13.507774114608765,0.6029175519943237,2.6296803951263428,0.39971789717674255,2.638545274734497
13.549633026123047,0.6029819250106812,2.631436824798584,0.3985077738761902,2.6488165855407715
13.592350959777832,0.5901755094528198,2.6516103744506836,0.3860854208469391,2.663870096206665
13.634491920471191,0.5942589044570923,2.653596878051758,0.3885950446128845,2.6665256023406982
13.67345905303955,0.5945302844047546,2.6528334617614746,0.3923836350440979,2.666778087615967
13.713496923446655,0.5996666550636292,2.6417174339294434,0.39879900217056274,2.6647822856903076
13.755993843078613,0.5942420363426208,2.6266236305236816,0.3858087658882141,2.6585118770599365
13.803254842758179,0.5949336886405945,2.62017822265625,0.3860729932785034,2.6509764194488525
13.83854079246521,0.5967872738838196,2.6179943084716797,0.39166849851608276,2.65130615234375
13.87883186340332,0.5966679453849792,2.6182706356048584,0.3918802738189697,2.651432514190674
13.915674924850464,0.5967315435409546,2.619105339050293,0.3919439911842346,2.656559705734253
13.959241151809692,0.599685788154602,2.5998446941375732,0.3931480646133423,2.6410133838653564
14.000109910964966,0.6049827933311462,2.5899157524108887,0.4024573862552643,2.628833293914795
14.043093204498291,0.6075280904769897,2.593302011489868,0.4056521952152252,2.630660057067871
14.08339786529541,0.61176598072052,2.5788207054138184,0.4111636281013489,2.61140775680542
14.121309995651245,0.6111806035041809,2.5727648735046387,0.4103192687034607,2.5979020595550537
14.163975954055786,0.610862672328949,2.576451301574707,0.4097064137458801,2.6032001972198486
14.208007097244263,0.6105062365531921,2.5728659629821777,0.4085962772369385,2.603607177734375
14.250622987747192,0.6102827191352844,2.5749971866607666,0.40449634194374084,2.60565185546875
14.287451028823853,0.6057702302932739,2.5742976665496826,0.3974210023880005,2.6034345626831055
14.328397989273071,0.5934461355209351,2.575343608856201,0.38753214478492737,2.6048147678375244
14.36786699295044,0.5933238863945007,2.572601079940796,0.38830679655075073,2.601238250732422
14.413757085800171,0.5927134156227112,2.569049835205078,0.38856229186058044,2.599003791809082
14.454324007034302,0.6021420359611511,2.5676660537719727,0.40595903992652893,2.5974385738372803
14.493256092071533,0.6034039855003357,2.562201738357544,0.4119844436645508,2.5876944065093994
14.530347108840942,0.6017990112304688,2.539717197418213,0.41161757707595825,2.5570642948150635
14.573693990707397,0.5978764295578003,2.541954517364502,0.4079406261444092,2.5594446659088135
14.614976167678833,0.5936159491539001,2.5430448055267334,0.4061051905155182,2.560732126235962
14.65894889831543,0.6046777963638306,2.540215492248535,0.42375844717025757,2.5601024627685547
14.69733214378357,0.601021945476532,2.540961503982544,0.4212929606437683,2.5620951652526855
14.739081144332886,0.5967209339141846,2.5424177646636963,0.4183558523654938,2.563413381576538
14.781490087509155,0.5942796468734741,2.5538241863250732,0.4171987473964691,2.573723077774048
14.821987867355347,0.5951365828514099,2.5531060695648193,0.41711288690567017,2.569549322128296
14.863929986953735,0.5936434268951416,2.558077573776245,0.4158729612827301,2.5743467807769775
14.90097188949585,0.59005206823349,2.5655012130737305,0.40316781401634216,2.5799624919891357
14.94313097000122,0.5930740237236023,2.561720371246338,0.4039883613586426,2.579035520553589
14.98670506477356,0.5909887552261353,2.563943862915039,0.40208154916763306,2.579848289489746
15.028962850570679,0.5887224078178406,2.559962034225464,0.4003259539604187,2.578155040740967
15.067086935043335,0.5854278802871704,2.559464931488037,0.39121732115745544,2.578007936477661
15.107033014297485,0.5896337032318115,2.5594680309295654,0.3959529399871826,2.5764353275299072
15.14806580543518,0.5895096063613892,2.5506432056427,0.3969685733318329,2.5655503273010254
15.190404891967773,0.5864452719688416,2.5373265743255615,0.39663007855415344,2.5507290363311768
15.235774993896484,0.5962785482406616,2.537721872329712,0.40718603134155273,2.5521373748779297
15.272854089736938,0.6251704096794128,2.528451442718506,0.4447406232357025,2.545827865600586
15.3144850730896,0.6259890198707581,2.509171485900879,0.4396095275878906,2.527867078781128
15.356703042984009,0.6438623666763306,2.501868724822998,0.4562526345252991,2.526730537414551
15.398065090179443,0.6632410287857056,2.504239320755005,0.4826744496822357,2.5288782119750977
15.441179990768433,0.6802662014961243,2.506777763366699,0.493735134601593,2.5337471961975098
15.47738003730774,0.6810858249664307,2.507819652557373,0.4914614260196686,2.53389573097229
15.517796039581299,0.670339047908783,2.5421321392059326,0.48158788681030273,2.5601489543914795
15.558113098144531,0.6646384000778198,2.5417709350585938,0.48084983229637146,2.5598881244659424
15.601058959960938,0.6564687490463257,2.536477565765381,0.46910420060157776,2.548560619354248
15.645974159240723,0.6432074308395386,2.538069009780884,0.44391268491744995,2.548614740371704
15.682148933410645,0.6133266687393188,2.5305159091949463,0.41158175468444824,2.543381452560425
15.722903966903687,0.6026536226272583,2.5290780067443848,0.4019816517829895,2.542598009109497
15.765505075454712,0.6049687266349792,2.5498547554016113,0.40924787521362305,2.569554328918457
15.807188987731934,0.6083781719207764,2.5631747245788574,0.4130594730377197,2.601449966430664
15.85213303565979,0.6414750814437866,2.5601282119750977,0.4654659330844879,2.5978927612304688
15.88857889175415,0.651187539100647,2.5627806186676025,0.47439613938331604,2.5995287895202637
15.927489995956421,0.6526126265525818,2.562235116958618,0.4746425747871399,2.6000614166259766
15.967313051223755,0.6531771421432495,2.5752809047698975,0.4714969992637634,2.6292903423309326
16.010884046554565,0.6492655277252197,2.5657708644866943,0.46046313643455505,2.622246742248535
16.052161931991577,0.6485795974731445,2.566396474838257,0.45211997628211975,2.618929147720337
16.092289924621582,0.6217840909957886,2.548011541366577,0.4209701120853424,2.602656841278076
16.126198768615723,0.6234189867973328,2.5458271503448486,0.4379965364933014,2.5867996215820312
16.174060821533203,0.6228604912757874,2.5187480449676514,0.438577264547348,2.562504529953003
16.214561223983765,0.6094287037849426,2.5156781673431396,0.43783316016197205,2.5596466064453125
16.262834072113037,0.5944316387176514,2.5209126472473145,0.42039069533348083,2.560058832168579
16.29851984977722,0.5907236337661743,2.5259742736816406,0.4006361961364746,2.5681066513061523
16.337501049041748,0.5492284297943115,2.542600393295288,0.34987562894821167,2.5720369815826416
16.376463890075684,0.5363664627075195,2.551893949508667,0.3369653820991516,2.575417995452881
16.41904902458191,0.5319469571113586,2.5497264862060547,0.32615500688552856,2.570976972579956
16.462925910949707,0.5214749574661255,2.5513925552368164,0.31415697932243347,2.5609452724456787
16.5023410320282,0.5256299376487732,2.5545401573181152,0.31818097829818726,2.550825357437134
16.541712045669556,0.5161834359169006,2.5518925189971924,0.3103916049003601,2.5392158031463623
16.58645796775818,0.5066952109336853,2.4654412269592285,0.31691208481788635,2.4780635833740234
16.62720489501953,0.525166928768158,2.4879369735717773,0.34233996272087097,2.4930739402770996
16.665974140167236,0.5427755117416382,2.512714385986328,0.36720359325408936,2.4968626499176025
16.70872211456299,0.5652633309364319,2.514737367630005,0.3833586871623993,2.5064101219177246
16.742106914520264,0.5667663216590881,2.517223596572876,0.3804565668106079,2.5119028091430664
16.790647983551025,0.5815191268920898,2.501962423324585,0.38858965039253235,2.4938409328460693
16.834245920181274,0.5779603719711304,2.505366086959839,0.3858582377433777,2.4982147216796875
16.870641946792603,0.5764845013618469,2.5074667930603027,0.38425412774086,2.50003981590271
16.913985013961792,0.5744634866714478,2.515557289123535,0.3833635449409485,2.502448797225952
16.956523895263672,0.5675798654556274,2.5032639503479004,0.37620458006858826,2.4825642108917236
16.99199604988098,0.553527295589447,2.491711378097534,0.36513572931289673,2.470719814300537
17.039585828781128,0.5536977052688599,2.54073166847229,0.36805135011672974,2.5198206901550293
17.117647886276245,0.5541399121284485,2.562251567840576,0.36811506748199463,2.5386531352996826
17.158997058868408,0.5544587969779968,2.558274745941162,0.369500070810318,2.536693572998047
17.200809001922607,0.554273784160614,2.5573980808258057,0.3735671043395996,2.5359442234039307
17.244667053222656,0.5563619136810303,2.5484931468963623,0.3838046193122864,2.5238451957702637
17.280297994613647,0.5669485330581665,2.5434255599975586,0.41074323654174805,2.5236477851867676
17.324206829071045,0.5704397559165955,2.541660785675049,0.4151495099067688,2.523899555206299
17.36513113975525,0.5714452862739563,2.56361722946167,0.4204666018486023,2.55659818649292
17.404940128326416,0.571240246295929,2.579023838043213,0.4166056215763092,2.5695834159851074
17.450379133224487,0.5649290084838867,2.5749740600585938,0.40925636887550354,2.565446138381958
17.4865939617157,0.560558557510376,2.5740978717803955,0.4028744101524353,2.561790943145752
17.525289058685303,0.5577353835105896,2.5732359886169434,0.39957937598228455,2.5601468086242676
17.566393852233887,0.554185688495636,2.573669672012329,0.39758723974227905,2.560709238052368
17.607019901275635,0.5708502531051636,2.5729761123657227,0.41626429557800293,2.559469699859619
17.651810884475708,0.5925752520561218,2.5721302032470703,0.43975862860679626,2.558539390563965
17.690160036087036,0.6198516488075256,2.5715224742889404,0.4642539918422699,2.5578973293304443
17.731718063354492,0.6145702600479126,2.577697515487671,0.4595211148262024,2.5595102310180664
17.77301597595215,0.6231199502944946,2.5809390544891357,0.4680349826812744,2.5634679794311523
17.814210891723633,0.6268547773361206,2.5860369205474854,0.4728464186191559,2.5699574947357178
17.85790181159973,0.6265115141868591,2.589681625366211,0.4715542197227478,2.5709786415100098
17.895482063293457,0.6253624558448792,2.5892345905303955,0.4688533842563629,2.571406126022339
17.937361001968384,0.6210430860519409,2.5890047550201416,0.46520909667015076,2.5712928771972656
17.975019216537476,0.620064914226532,2.588029384613037,0.4647656977176666,2.570495367050171
18.01616597175598,0.6183814406394958,2.5997657775878906,0.46068063378334045,2.5794403553009033
18.06024694442749,0.6208742260932922,2.5969698429107666,0.46203869581222534,2.574204444885254
18.099387884140015,0.6201009154319763,2.590482234954834,0.46195897459983826,2.570446491241455
18.13913106918335,0.6196630001068115,2.5900468826293945,0.4613659381866455,2.5711543560028076
18.18228793144226,0.6194542050361633,2.589608669281006,0.4609443247318268,2.573051929473877
18.22748613357544,0.618536114692688,2.5854671001434326,0.45953482389450073,2.572953462600708
18.26490807533264,0.612025797367096,2.5804011821746826,0.4518200755119324,2.5720324516296387
18.306416034698486,0.6113876700401306,2.580641269683838,0.4507179856300354,2.5732977390289307
18.34875512123108,0.6066952347755432,2.591191530227661,0.44573625922203064,2.5869193077087402
18.393769025802612,0.6016592383384705,2.597055435180664,0.4416535794734955,2.5895307064056396
18.431437969207764,0.5993180871009827,2.6047911643981934,0.43825775384902954,2.5943870544433594
18.472097873687744,0.598045289516449,2.604358434677124,0.4311315417289734,2.5934979915618896
18.512641191482544,0.5941908955574036,2.6051387786865234,0.4265064597129822,2.5933284759521484
18.550177812576294,0.5894458889961243,2.6046266555786133,0.419928640127182,2.5931527614593506
18.591864824295044,0.5880836844444275,2.603342056274414,0.4206153452396393,2.5925426483154297
18.636278867721558,0.5883530378341675,2.6016035079956055,0.42093104124069214,2.592109203338623
18.674565076828003,0.5880001783370972,2.6013121604919434,0.42218485474586487,2.5925703048706055
18.718399047851562,0.587911069393158,2.600515842437744,0.4230128824710846,2.591744899749756
18.758116960525513,0.5902740955352783,2.6001970767974854,0.42808061838150024,2.5922043323516846
18.802525997161865,0.5926529765129089,2.588686227798462,0.432730495929718,2.588244915008545
18.84264302253723,0.5920847654342651,2.562312364578247,0.4326435923576355,2.563328504562378
18.8808331489563,0.5938815474510193,2.563655376434326,0.4334651529788971,2.564589500427246
18.922998905181885,0.5939652919769287,2.562551975250244,0.4345998167991638,2.5627541542053223
18.963940858840942,0.5940517783164978,2.5636582374572754,0.4348159432411194,2.5629587173461914
19.009195804595947,0.5946356058120728,2.5638866424560547,0.43480926752090454,2.5638647079467773
19.0518639087677,0.5982409715652466,2.5763189792633057,0.43700772523880005,2.579042673110962
19.125679969787598,0.5983996987342834,2.575247287750244,0.4369955062866211,2.578495740890503
19.165171146392822,0.594147801399231,2.5819966793060303,0.42732730507850647,2.5811679363250732
19.209217071533203,0.5942016243934631,2.5821104049682617,0.42773962020874023,2.5809757709503174
19.252501010894775,0.5981763601303101,2.5839712619781494,0.42921870946884155,2.5845930576324463
19.28887414932251,0.5985301733016968,2.5814740657806396,0.42942914366722107,2.584505796432495
19.32999300956726,0.6088504195213318,2.590428590774536,0.43874335289001465,2.600158452987671
19.37275981903076,0.6094387769699097,2.6005733013153076,0.43742260336875916,2.6125690937042236
19.41506290435791,0.6121970415115356,2.602519989013672,0.4438502788543701,2.616992950439453
19.459139823913574,0.6125000715255737,2.602254629135132,0.4446866512298584,2.618741273880005
19.493499040603638,0.6103788614273071,2.601839065551758,0.4419125020503998,2.617508888244629
19.53477907180786,0.6101413369178772,2.603572368621826,0.4412538409233093,2.617060422897339
19.574931144714355,0.6094897389411926,2.6035964488983154,0.4411342740058899,2.6160058975219727
19.617067098617554,0.6130595207214355,2.5947763919830322,0.4443957209587097,2.600360631942749
19.660472869873047,0.6202385425567627,2.5823893547058105,0.445443332195282,2.58001708984375
19.696481943130493,0.6298834681510925,2.5723140239715576,0.4578443169593811,2.570056915283203
19.740097999572754,0.6279283761978149,2.5734152793884277,0.45693889260292053,2.5695383548736572
19.77948307991028,0.64293372631073,2.5741264820098877,0.4748782515525818,2.570032835006714
19.818876028060913,0.6483909487724304,2.574110746383667,0.4817076325416565,2.567873477935791
19.865113973617554,0.6506747007369995,2.5632801055908203,0.4861000180244446,2.55843448638916
19.905842065811157,0.6518673300743103,2.5590479373931885,0.48521938920021057,2.5554113388061523
19.9516339302063,0.6504641771316528,2.5587689876556396,0.4871801733970642,2.556382179260254
20.032480001449585,0.6503386497497559,2.5575273036956787,0.491605281829834,2.557435989379883
20.069663047790527,0.6539267301559448,2.573604106903076,0.4965534210205078,2.578129768371582
20.10754895210266,0.6527900695800781,2.575751304626465,0.4940462112426758,2.59395170211792
20.156163930892944,0.6480286121368408,2.6078479290008545,0.4836246371269226,2.62296986579895
20.193076133728027,0.6455015540122986,2.6190123558044434,0.48107585310935974,2.630505084991455
20.23883295059204,0.6458009481430054,2.633347272872925,0.48123717308044434,2.637809991836548
20.27252197265625,0.6453773379325867,2.635730266571045,0.48116427659988403,2.6385583877563477
20.31820511817932,0.6449862718582153,2.6487841606140137,0.4771715998649597,2.6441922187805176
20.35539698600769,0.6451707482337952,2.65519380569458,0.47472208738327026,2.660029172897339
20.398367166519165,0.6450549960136414,2.660811424255371,0.47292178869247437,2.6587321758270264
20.442536115646362,0.6449671983718872,2.6604371070861816,0.4702951908111572,2.655161142349243
20.48086905479431,0.6460946202278137,2.6869547367095947,0.46659785509109497,2.6748344898223877
20.521985054016113,0.6508849859237671,2.6789042949676514,0.47013431787490845,2.6703603267669678
20.557739973068237,0.6515790224075317,2.6862454414367676,0.47018781304359436,2.6791584491729736
20.60206913948059,0.650394082069397,2.6838412284851074,0.4674227833747864,2.6757566928863525
20.642559051513672,0.6539931297302246,2.683342933654785,0.4708424508571625,2.677821159362793
20.682331085205078,0.6538628339767456,2.68228816986084,0.47278040647506714,2.674656867980957
20.726074934005737,0.656545877456665,2.68530535697937,0.4734543263912201,2.6779723167419434
20.76905608177185,0.6564542651176453,2.696545124053955,0.47036123275756836,2.6869468688964844
20.805303812026978,0.6543265581130981,2.6956608295440674,0.4672184884548187,2.6857693195343018
20.851683855056763,0.6475076079368591,2.7065157890319824,0.4555496275424957,2.69330096244812
20.888658046722412,0.6461593508720398,2.7055914402008057,0.4558396339416504,2.69488263130188
20.931817054748535,0.6466299295425415,2.7115859985351562,0.4576529562473297,2.706632137298584
20.971990823745728,0.6463373303413391,2.709796905517578,0.45826831459999084,2.706169843673706
21.012063026428223,0.6464744806289673,2.7090697288513184,0.4592706263065338,2.704280376434326
21.056363105773926,0.6468733549118042,2.7080576419830322,0.46090254187583923,2.7030794620513916
21.094446897506714,0.6444965600967407,2.707580327987671,0.45995062589645386,2.7022674083709717
21.13562822341919,0.645596981048584,2.705307722091675,0.4694349765777588,2.699460744857788
21.174234867095947,0.6443357467651367,2.7049338817596436,0.46783924102783203,2.69895339012146
21.217801094055176,0.6443681716918945,2.7150306701660156,0.4631425440311432,2.707955837249756
21.257510900497437,0.6432651281356812,2.7166659832000732,0.46292489767074585,2.7075018882751465
21.296730041503906,0.6397210359573364,2.716726541519165,0.45609036087989807,2.7068674564361572
21.336682081222534,0.6396023035049438,2.732933759689331,0.4528063237667084,2.7228407859802246
21.380300045013428,0.6383046507835388,2.7317683696746826,0.4512132704257965,2.7177345752716064
21.415364980697632,0.6348999738693237,2.730074167251587,0.44977760314941406,2.7162837982177734
21.463881015777588,0.6351474523544312,2.7264418601989746,0.4539338946342468,2.715684413909912
21.51030683517456,0.6357165575027466,2.723414182662964,0.45446935296058655,2.71457576751709
21.544851064682007,0.635793924331665,2.722822666168213,0.45429664850234985,2.7140910625457764
21.588412046432495,0.6324411034584045,2.7229559421539307,0.44566789269447327,2.7136991024017334
21.632955074310303,0.6325908899307251,2.719745635986328,0.4463213384151459,2.712843418121338
21.668941974639893,0.6321761608123779,2.730579376220703,0.4410741329193115,2.716691493988037
21.708143949508667,0.6328967213630676,2.735027313232422,0.4429033398628235,2.718878746032715
21.74992609024048,0.6345392465591431,2.7346432209014893,0.4469747543334961,2.716548204421997
21.794250011444092,0.6357282400131226,2.7309465408325195,0.4499568045139313,2.7102391719818115
21.837993144989014,0.6368650794029236,2.730483293533325,0.45083731412887573,2.7101259231567383
21.87264895439148,0.6368974447250366,2.7287182807922363,0.44952869415283203,2.709556818008423
21.91526699066162,0.6368727684020996,2.7317557334899902,0.44726377725601196,2.715120315551758
21.958599090576172,0.6320652365684509,2.737546682357788,0.4416017532348633,2.7200663089752197
21.995852947235107,0.6276441812515259,2.7356512546539307,0.4412286877632141,2.7197988033294678
22.03869080543518,0.6326047778129578,2.737360715866089,0.4425896108150482,2.725429058074951
22.077658891677856,0.6324349641799927,2.7245774269104004,0.4442700445652008,2.720099687576294
22.11996293067932,0.6323919296264648,2.7154479026794434,0.44489145278930664,2.714399814605713
22.161473035812378,0.632587730884552,2.7161173820495605,0.4450226426124573,2.714735984802246
22.199846982955933,0.6323047876358032,2.7148597240448,0.4449900984764099,2.7099483013153076
22.24014401435852,0.6310688257217407,2.7200772762298584,0.43811529874801636,2.7110204696655273
22.28338098526001,0.630620539188385,2.720088243484497,0.4379595220088959,2.7109498977661133
22.32331895828247,0.6285567283630371,2.7183940410614014,0.43819111585617065,2.7082645893096924
22.365196228027344,0.6309812068939209,2.7184386253356934,0.4455333650112152,2.7089922428131104
22.409381866455078,0.6301374435424805,2.7181448936462402,0.44524163007736206,2.70969295501709
22.451167106628418,0.6287599205970764,2.7184371948242188,0.44523677229881287,2.7107183933258057
22.48704695701599,0.6285842061042786,2.7184746265411377,0.4463574290275574,2.7114977836608887
22.530094861984253,0.631492555141449,2.719043731689453,0.45142143964767456,2.713144540786743
22.566981077194214,0.634797215461731,2.723172903060913,0.45343098044395447,2.716773748397827
22.612088918685913,0.6351948976516724,2.728468894958496,0.4535728096961975,2.726166009902954
22.65552806854248,0.6283960342407227,2.7290656566619873,0.44501638412475586,2.7260892391204834
22.692447185516357,0.6268766522407532,2.729707956314087,0.441215455532074,2.725243091583252
22.7313392162323,0.6281136274337769,2.7260208129882812,0.44284000992774963,2.7219603061676025
22.773185968399048,0.6258498430252075,2.7277801036834717,0.43993276357650757,2.7218739986419678
22.81710195541382,0.6253272294998169,2.727247714996338,0.4393579065799713,2.71964693069458
22.86156702041626,0.6240724325180054,2.734079360961914,0.4379372000694275,2.7282207012176514
22.896581888198853,0.6180629730224609,2.729865789413452,0.4321928918361664,2.7237112522125244
22.939769983291626,0.6172739863395691,2.7266831398010254,0.43024930357933044,2.7177979946136475
22.97788906097412,0.6164628863334656,2.728954315185547,0.4258463382720947,2.7176172733306885
23.020720958709717,0.6167325973510742,2.7318646907806396,0.4265311658382416,2.719067096710205
23.064945936203003,0.6165026426315308,2.7315855026245117,0.4265877306461334,2.71909236907959
23.10080599784851,0.6150918006896973,2.7316055297851562,0.42481398582458496,2.719273090362549
23.140240907669067,0.6152361035346985,2.7312817573547363,0.42546525597572327,2.7192630767822266
23.18450117111206,0.6207283735275269,2.730182409286499,0.43270888924598694,2.718841791152954
23.23240303993225,0.6263220906257629,2.734117269515991,0.4413585066795349,2.7266085147857666
23.265576124191284,0.6242944002151489,2.7400999069213867,0.4393664300441742,2.7318668365478516
23.31040120124817,0.6242601871490479,2.740020990371704,0.4393250048160553,2.7315611839294434
23.3512442111969,0.6277977824211121,2.73838472366333,0.4473283886909485,2.731374979019165
23.391122102737427,0.6279454827308655,2.737034320831299,0.4477628767490387,2.729250192642212
23.435691833496094,0.6259891390800476,2.7365267276763916,0.4448258876800537,2.727011203765869
23.47365403175354,0.6261232495307922,2.73490834236145,0.44327419996261597,2.723496913909912
23.514883995056152,0.6284081339836121,2.734813690185547,0.4432324767112732,2.723856210708618
23.55464196205139,0.6279615163803101,2.73494291305542,0.4403231739997864,2.7242722511291504
23.598987102508545,0.6295775175094604,2.728019952774048,0.44355496764183044,2.7192459106445312
23.636337995529175,0.6276785731315613,2.727297067642212,0.4386516213417053,2.7182765007019043
23.676844835281372,0.6274479031562805,2.7274014949798584,0.43802666664123535,2.71844744682312
23.714674949645996,0.6274476647377014,2.727647066116333,0.4387381076812744,2.718902349472046
23.757755041122437,0.6275008916854858,2.7277512550354004,0.43927350640296936,2.718931198120117
23.800427198410034,0.6243223547935486,2.7262234687805176,0.4336166977882385,2.715610980987549
23.848538875579834,0.6243252158164978,2.7264254093170166,0.43440890312194824,2.7159414291381836
23.88215684890747,0.6262785196304321,2.7291934490203857,0.43746447563171387,2.71860933303833
23.92120099067688,0.6262139081954956,2.73041033744812,0.43742403388023376,2.718928813934326
23.96246886253357,0.6272436380386353,2.730787754058838,0.44080886244773865,2.7197558879852295
24.008737802505493,0.6286769509315491,2.7335848808288574,0.4415612816810608,2.722580671310425
24.05132293701172,0.6286801099777222,2.733687400817871,0.44158467650413513,2.723893165588379
24.091081142425537,0.62755286693573,2.735332489013672,0.4402702748775482,2.7278475761413574
24.128291845321655,0.6264209151268005,2.736006736755371,0.43776005506515503,2.7278318405151367
24.168092012405396,0.626663327217102,2.734442710876465,0.44049063324928284,2.7263238430023193
24.20804500579834,0.6286187171936035,2.735534906387329,0.4419870972633362,2.7300312519073486
24.25232195854187,0.6259750127792358,2.734283924102783,0.44132596254348755,2.7282049655914307
24.2928569316864,0.6259475350379944,2.734001874923706,0.44127002358436584,2.72778058052063
24.32695984840393,0.6244358420372009,2.7376229763031006,0.4365764260292053,2.73001766204834
24.376279830932617,0.6253948211669922,2.735563039779663,0.4385630488395691,2.725158452987671
24.417757987976074,0.6230702996253967,2.7348737716674805,0.43526989221572876,2.7225496768951416
24.457684993743896,0.6231725215911865,2.734947919845581,0.435308039188385,2.7225515842437744
24.49431800842285,0.6229079961776733,2.7331604957580566,0.43534550070762634,2.720072031021118
24.535487174987793,0.6228607892990112,2.733161449432373,0.43582883477211,2.720947027206421
24.57723879814148,0.6229126453399658,2.725956439971924,0.43587684631347656,2.719477415084839
24.617066144943237,0.6223368048667908,2.7260687351226807,0.4350506663322449,2.71808123588562
24.663654088974,0.6215348839759827,2.725468158721924,0.4350694715976715,2.7129032611846924
24.699745893478394,0.6249822378158569,2.7199289798736572,0.4446900486946106,2.7119812965393066
24.738502025604248,0.6238744854927063,2.725186347961426,0.4431067407131195,2.722343683242798
24.781108140945435,0.6182550191879272,2.7252280712127686,0.44059544801712036,2.7222023010253906
24.829432010650635,0.6179662942886353,2.7305774688720703,0.43888407945632935,2.7258732318878174
24.86514401435852,0.6168128252029419,2.7195956707000732,0.4383895993232727,2.7118923664093018
24.908294916152954,0.6153258085250854,2.7222518920898438,0.4326687753200531,2.712048292160034
24.94660997390747,0.6170875430107117,2.722038745880127,0.4358910620212555,2.7122418880462646
24.989243030548096,0.6176301836967468,2.7179670333862305,0.4371412694454193,2.7073659896850586
25.032322883605957,0.6145730018615723,2.716301202774048,0.43411222100257874,2.7073440551757812
25.069960117340088,0.613940954208374,2.71504545211792,0.43344902992248535,2.7049338817596436
25.11271905899048,0.6123114228248596,2.7156455516815186,0.4326718747615814,2.70535945892334
25.15384292602539,0.6101037263870239,2.720906972885132,0.42788973450660706,2.7089624404907227
25.195634126663208,0.6086846590042114,2.720935821533203,0.42672938108444214,2.7092344760894775
25.2383451461792,0.6062682867050171,2.722409963607788,0.42484554648399353,2.7098076343536377
25.272130966186523,0.6034037470817566,2.7249600887298584,0.42182907462120056,2.7122914791107178
25.319196939468384,0.6019879579544067,2.724797487258911,0.4201276898384094,2.7117366790771484
25.356534004211426,0.6020724773406982,2.7256364822387695,0.42035070061683655,2.711219072341919
25.401849031448364,0.6022641062736511,2.726017713546753,0.4205501973628998,2.711374521255493
25.443076848983765,0.6024286150932312,2.722799777984619,0.4229770302772522,2.709138870239258
25.482017040252686,0.6016744375228882,2.7227816581726074,0.42225614190101624,2.7085680961608887
25.523142099380493,0.6028264164924622,2.720071315765381,0.42428070306777954,2.708265781402588
25.562294960021973,0.6047107577323914,2.7059719562530518,0.4261469841003418,2.692309856414795
25.60394597053528,0.6082965135574341,2.704965591430664,0.428255558013916,2.6865651607513428
25.64797306060791,0.607563853263855,2.70489239692688,0.4278114438056946,2.6862995624542236
25.683211088180542,0.6128917932510376,2.7050230503082275,0.4341825842857361,2.687041759490967
25.730080127716064,0.6151165962219238,2.7053062915802,0.43734779953956604,2.687497615814209
25.765997886657715,0.6159414052963257,2.7002999782562256,0.4397147297859192,2.6839702129364014
25.80903697013855,0.6157833337783813,2.6914453506469727,0.43946558237075806,2.6762404441833496
25.853568077087402,0.6176434755325317,2.6919493675231934,0.43990740180015564,2.676455497741699
25.891425848007202,0.6176053881645203,2.6925714015960693,0.44007205963134766,2.676823854446411
25.93173313140869,0.6174664497375488,2.700453281402588,0.43691763281822205,2.6850693225860596
25.97309184074402,0.61765456199646,2.706936836242676,0.43692731857299805,2.695795774459839
26.011127948760986,0.6164906620979309,2.7021408081054688,0.4366069436073303,2.6910722255706787
26.057054042816162,0.6121429204940796,2.6950621604919434,0.4308701157569885,2.6814780235290527
26.09607696533203,0.6089226007461548,2.7010247707366943,0.4278985559940338,2.6857705116271973
26.137549877166748,0.6092391610145569,2.7011775970458984,0.42827853560447693,2.6858065128326416
26.175490856170654,0.6088265180587769,2.697265148162842,0.42837849259376526,2.682914972305298
26.21745800971985,0.6114009618759155,2.696042060852051,0.4340522885322571,2.6814942359924316
26.264869928359985,0.6194279193878174,2.6957058906555176,0.4423545300960541,2.681574583053589
26.301517963409424,0.6191203594207764,2.6963438987731934,0.4399309754371643,2.681194543838501
26.33667302131653,0.6189238429069519,2.693903923034668,0.43970268964767456,2.6762664318084717
26.380379915237427,0.6187081933021545,2.693978786468506,0.43945059180259705,2.6770894527435303
26.426193952560425,0.6287788152694702,2.6906137466430664,0.4515846371650696,2.6753900051116943
26.458474159240723,0.6277563571929932,2.704294443130493,0.4480403959751129,2.6834676265716553
26.507577896118164,0.6331335306167603,2.7043824195861816,0.45443445444107056,2.6862614154815674
26.548245191574097,0.6319295763969421,2.704684257507324,0.45325779914855957,2.691962957382202
26.589099168777466,0.6308947801589966,2.7045745849609375,0.4447091221809387,2.6912546157836914
26.63467812538147,0.6303622722625732,2.7009527683258057,0.4446117877960205,2.6879591941833496
26.668662071228027,0.6270112991333008,2.7009780406951904,0.44094663858413696,2.6877779960632324
26.71161198616028,0.6269538402557373,2.7012133598327637,0.44205155968666077,2.6877145767211914
26.75431513786316,0.6268529295921326,2.705819606781006,0.440105140209198,2.689532995223999
26.79033398628235,0.6347759962081909,2.705453872680664,0.45166951417922974,2.6899564266204834
26.841406106948853,0.6340241432189941,2.7053024768829346,0.44905519485473633,2.688830614089966
26.917614936828613,0.6310313940048218,2.7178354263305664,0.43702131509780884,2.695324182510376
26.956732034683228,0.6307857036590576,2.717107057571411,0.4371457099914551,2.6951282024383545
26.997694969177246,0.6315286755561829,2.7274131774902344,0.4370853900909424,2.7088067531585693
27.040959119796753,0.6314032077789307,2.7304816246032715,0.43522804975509644,2.7119412422180176
27.080086946487427,0.6280228495597839,2.729520559310913,0.4335380494594574,2.7133309841156006
27.12099599838257,0.6267145872116089,2.7293193340301514,0.4329318106174469,2.7127294540405273
27.162326097488403,0.6265221834182739,2.733954429626465,0.4324704706668854,2.7207462787628174
27.204669952392578,0.6241474747657776,2.7376630306243896,0.43105918169021606,2.727659225463867
27.243468046188354,0.6247851848602295,2.7373156547546387,0.43118715286254883,2.726320505142212
27.283394813537598,0.6232567429542542,2.736776828765869,0.42751771211624146,2.725400686264038
27.329370975494385,0.6211810111999512,2.7366058826446533,0.42487668991088867,2.7249839305877686
27.366986989974976,0.6235391497612,2.733638048171997,0.42972999811172485,2.724860668182373
27.40861701965332,0.6240147352218628,2.7316646575927734,0.43145719170570374,2.7227907180786133
27.45249605178833,0.6282029747962952,2.731102705001831,0.4423908293247223,2.72236704826355
27.491199016571045,0.6299304366111755,2.7303805351257324,0.4418485164642334,2.722067356109619
27.530683040618896,0.6324707865715027,2.711859703063965,0.443340539932251,2.7056257724761963
27.57265591621399,0.6472228765487671,2.7110116481781006,0.45418620109558105,2.707078456878662
27.612908840179443,0.6570742726325989,2.7081973552703857,0.45815929770469666,2.707613229751587
27.656671047210693,0.654803454875946,2.6896657943725586,0.4566248059272766,2.695216178894043
27.697551012039185,0.6359416842460632,2.686431884765625,0.4329315721988678,2.683400869369507
27.735198974609375,0.6360641121864319,2.6770436763763428,0.4335622787475586,2.6805787086486816
27.77576208114624,0.643559455871582,2.6718549728393555,0.44291266798973083,2.6775424480438232
27.818494081497192,0.6518584489822388,2.6566882133483887,0.4580938220024109,2.6694893836975098
27.86183214187622,0.6449655294418335,2.651196241378784,0.4549623131752014,2.6670734882354736
27.900795936584473,0.6371178030967712,2.652571678161621,0.4513566493988037,2.6664929389953613
27.937409162521362,0.6371844410896301,2.6477160453796387,0.4512298107147217,2.663606643676758
27.97953701019287,0.6334100961685181,2.641519784927368,0.44562816619873047,2.6530563831329346
28.019349098205566,0.6255516409873962,2.6442065238952637,0.4351721405982971,2.654444932937622
28.068297147750854,0.6219096183776855,2.6452250480651855,0.4147806167602539,2.6487584114074707
28.102134943008423,0.6149458289146423,2.63774037361145,0.40983161330223083,2.642179489135742
28.145474910736084,0.6158138513565063,2.6331076622009277,0.41235631704330444,2.637254238128662
28.18703293800354,0.6117070913314819,2.634469747543335,0.4055958688259125,2.6388888359069824
28.23193097114563,0.6082022786140442,2.6390113830566406,0.39967966079711914,2.643151044845581
28.270143032073975,0.6048715114593506,2.6446774005889893,0.3961530327796936,2.6522419452667236
28.31154704093933,0.6052423119544983,2.6437854766845703,0.3965296447277069,2.6511969566345215
28.35340714454651,0.6144998669624329,2.6438894271850586,0.40417033433914185,2.6528353691101074
28.394673109054565,0.6226361393928528,2.6440069675445557,0.417060911655426,2.657318353652954
28.43933391571045,0.6255141496658325,2.648778200149536,0.41855525970458984,2.670363426208496
28.472572088241577,0.6342331171035767,2.6542727947235107,0.42142772674560547,2.6759440898895264
28.51245093345642,0.6315115690231323,2.6535634994506836,0.41650184988975525,2.6754536628723145
28.55716109275818,0.6395376920700073,2.6507160663604736,0.43488821387290955,2.6751582622528076
28.598407983779907,0.6384293437004089,2.6507835388183594,0.43367981910705566,2.6752817630767822
28.638352870941162,0.6304391622543335,2.6528749465942383,0.4205789566040039,2.681633949279785
28.682297945022583,0.6299182176589966,2.6528236865997314,0.4206668734550476,2.681709051132202
28.721331119537354,0.6115484237670898,2.6561434268951416,0.40530499815940857,2.6883654594421387
28.754864931106567,0.6089838743209839,2.6614766120910645,0.40293169021606445,2.6912600994110107
28.804337978363037,0.6092067956924438,2.661349058151245,0.4035939574241638,2.6892404556274414
28.8483669757843,0.5965971350669861,2.66428542137146,0.4002607464790344,2.68902325630188
28.88349199295044,0.5979310274124146,2.679729700088501,0.3999458849430084,2.694364309310913
28.925220012664795,0.599540650844574,2.684393882751465,0.39569374918937683,2.695234775543213
28.963489055633545,0.6046738624572754,2.6867315769195557,0.39658600091934204,2.6982929706573486
29.007833003997803,0.6051014065742493,2.6864287853240967,0.39874446392059326,2.694781541824341
29.04941201210022,0.6146988272666931,2.6840991973876953,0.4078768193721771,2.6918716430664062
29.086566925048828,0.6148505806922913,2.6716036796569824,0.40911635756492615,2.674222230911255
29.12894082069397,0.619335949420929,2.6711065769195557,0.4139578342437744,2.674539804458618
29.170932054519653,0.6146319508552551,2.671379327774048,0.41041749715805054,2.6752841472625732
29.211987018585205,0.614649772644043,2.673539161682129,0.4101451337337494,2.6781628131866455
29.2557110786438,0.6209631562232971,2.669309377670288,0.4161764979362488,2.6776790618896484
29.293061017990112,0.6178353428840637,2.6671526432037354,0.41313672065734863,2.677347183227539
29.335460901260376,0.6206122636795044,2.6667673587799072,0.4158779978752136,2.678215503692627
29.377644777297974,0.6128097176551819,2.667389154434204,0.4119643568992615,2.679581880569458
29.417799949645996,0.6140738129615784,2.6687002182006836,0.41530942916870117,2.6826608180999756
29.462411165237427,0.6126461625099182,2.664844512939453,0.41615524888038635,2.6769893169403076
29.496809005737305,0.614573061466217,2.650475025177002,0.4197723865509033,2.659679889678955
