Time (s),X,Y,Sway Distance (cm),Sway Velocity (cm/s)
0.7381799221038818,687,825,12.649110640673518,146.364531440685
0.8213369846343994,681,818,4.6097722286464435,55.43452460162017
0.8975579738616943,680,825,3.5355339059327378,46.385305960666464
0.9416837692260742,677,820,2.9154759474226504,66.07191832685105
0.976395845413208,671,815,3.905124837953327,112.50046862367691
1.0251786708831787,672,821,3.0413812651491097,62.34532821435889
1.0581419467926025,671,817,2.0615528128088303,62.54089607093498
1.1057169437408447,675,829,6.324555320336759,132.93863848729978
1.1417818069458008,671,804,12.658988901172163,351.00615325313527
1.1861398220062256,675,807,2.5,56.359600324642166
1.2250480651855469,672,815,4.272001872658765,109.79683284515971
1.2681918144226074,673,828,6.519202405202649,151.10421603328447
1.3122680187225342,674,832,2.0615528128088303,46.77246703868863
1.3468730449676514,676,833,1.118033988749895,32.30842770730887
1.3966200351715088,676,833,0.0,0.0
1.473526954650879,675,834,0.7071067811865476,9.194319392499205
1.5092978477478027,671,835,2.0615528128088303,57.63213144337502
1.5608949661254883,677,821,7.615773105863909,147.60074487333267
1.6415090560913086,682,810,6.041522986797286,74.94375969956171
1.7234129905700684,678,830,10.198039027185569,124.51219946985864
1.7633037567138672,675,835,2.9154759474226504,73.08648665490402
1.8409976959228516,678,866,15.572411502397436,200.43277070184482
1.879976749420166,680,861,2.692582403567252,69.07767536614924
1.9272260665893555,677,858,2.1213203435596424,44.89631746346003
1.9614126682281494,677,858,0.0,0.0
2.0056419372558594,675,858,1.0,22.60946251165699
2.0468268394470215,671,857,2.0615528128088303,50.05603274811759
2.0930747985839844,670,857,0.5,10.811287878006784
2.173398017883301,669,856,0.7071067811865476,8.803267440658537
2.249656915664673,669,851,2.5,32.783059718057984
2.2984228134155273,667,846,2.692582403567252,55.21445370130752
2.3336808681488037,663,838,4.47213595499958,126.84012174894042
2.370769739151001,664,829,4.527692569068709,122.07685072971009
2.4182488918304443,657,805,12.5,263.2734430707736
2.458897829055786,656,807,1.118033988749895,27.50463025766091
2.4951820373535156,656,809,1.0,27.56019896574609
2.540559768676758,660,810,2.0615528128088303,45.43093611541827
2.5757977962493896,663,812,1.8027756377319946,51.15994741806004
2.6190268993377686,665,811,1.118033988749895,25.86299295787266
2.6597647666931152,662,789,11.10180165558726,272.5179882085848
2.705662965774536,669,800,6.519202405202649,142.03612637694
2.746365785598755,670,804,2.0615528128088303,50.64889414816851
2.785477876663208,674,808,2.8284271247461903,72.31592706422173
2.8262829780578613,682,814,5.0,122.53369870697462
2.9100239276885986,694,820,6.708203932499369,80.1066140529783
2.953007698059082,699,827,4.301162633521313,100.06480577317821
3.0328168869018555,709,835,6.4031242374328485,80.23041369393192
3.0735909938812256,711,835,1.0,24.525368526304096
3.1173958778381348,715,835,2.0,45.65700943226783
3.1541690826416016,713,835,1.0,27.193713611431683
3.2369320392608643,710,831,2.5,30.206750726666723
3.3196189403533936,712,846,7.566372975210778,91.50630722928852
3.3585028648376465,717,846,2.5,64.29392179825987
3.403221845626831,718,847,0.7071067811865476,15.81222936452889
3.4379918575286865,721,846,1.5811388300841898,45.47421020583009
3.483285903930664,721,844,1.0,22.077956805297482
3.520514965057373,731,802,21.587033144922902,579.8436085038918
3.561948776245117,733,789,6.576473218982953,158.72238228783144
3.6048617362976074,735,795,3.1622776601683795,73.69050413442343
3.645550012588501,735,795,0.0,0.0
3.684274911880493,722,802,7.3824115301167,190.63733321685586
3.7279160022735596,712,817,9.013878188659973,206.54566848522367
3.7672266960144043,716,816,2.0615528128088303,52.442544677526996
3.8109288215637207,707,835,10.51189802081432,240.5351659372263
3.8487308025360107,695,856,12.093386622447824,319.9140973938014
3.889227867126465,698,871,7.648529270389178,188.86626346226774
3.937187910079956,700,869,1.4142135623730951,29.48732893639222
4.017690658569336,701,881,6.020797289396148,74.7899593787214
4.053253889083862,712,880,5.522680508593631,155.29186827776525
4.0964648723602295,726,879,7.0178344238090995,162.4085797567877
4.1389548778533936,735,887,6.020797289396148,141.69914123369068
4.17422890663147,751,906,12.419742348374221,352.0931058516755
4.220290899276733,749,902,2.23606797749979,48.544751303322386
4.261470794677734,747,913,5.5901699437494745,135.74997919041806
4.301504850387573,747,912,0.5,12.489366643837656
4.343750715255737,746,916,2.0615528128088303,48.79892551004181
4.37907600402832,747,920,2.0615528128088303,58.35912131053439
4.425566911697388,746,925,2.5495097567963922,54.8388896802009
4.465240955352783,745,939,7.0178344238090995,176.88729903019862
4.50839900970459,745,951,6.0,139.023876078622
4.54417872428894,744,969,9.013878188659973,251.92705680783948
4.591723918914795,740,968,2.0615528128088303,43.3598564277994
4.6703197956085205,731,964,4.924428900898052,62.65505403149445
4.712663888931274,727,960,2.8284271247461903,66.79626136253376
4.756261825561523,726,961,0.7071067811865476,16.218812995290797
4.832949876785278,722,962,2.0615528128088303,26.88232103843374
4.877657890319824,722,961,0.5,11.183677387358081
4.914994716644287,721,960,0.7071067811865476,18.938588273188472
4.959855079650879,722,960,0.5,11.14569670170814
5.000619888305664,721,959,0.7071067811865476,17.346010064088556
5.035732984542847,721,959,0.0,0.0
5.082761764526367,721,959,0.0,0.0
5.118607044219971,721,959,0.0,0.0
5.16458797454834,719,959,1.0,21.74814630453494
5.19971776008606,716,961,1.8027756377319946,51.31758165151078
5.242136001586914,716,960,0.5,11.787381614816065
5.287850856781006,716,960,0.0,0.0
5.329056978225708,713,958,1.8027756377319946,43.750189887473056
5.364036798477173,712,956,1.118033988749895,31.962256544273558
5.408566951751709,712,952,2.0,44.91338683856874
5.452620029449463,712,952,0.0,0.0
5.493398904800415,712,948,2.0,49.04500143242185
5.530479669570923,712,949,0.5,13.484080037035133
5.57358980178833,713,949,0.5,11.598201496540701
5.611355781555176,712,951,1.118033988749895,29.604262769091548
5.655534029006958,713,952,0.7071067811865476,16.005768041349086
5.695154905319214,712,953,0.7071067811865476,17.846823366898107
5.739984750747681,712,953,0.0,0.0
5.787225961685181,712,950,1.5,31.751937984496124
5.855727672576904,710,948,1.4142135623730951,20.644937826566903
5.9048779010772705,710,948,0.0,0.0
5.938739776611328,710,948,0.0,0.0
5.983796834945679,709,948,0.5,11.097040474540037
6.0237717628479,708,949,0.7071067811865476,17.68875688571908
6.0666327476501465,708,951,1.0,23.33124179516276
6.102863788604736,708,950,0.5,13.800321128688374
6.147439002990723,708,950,0.0,0.0
6.1860809326171875,708,951,0.5,12.939312421333202
6.228310823440552,708,951,0.0,0.0
6.272832870483398,708,950,0.5,11.230391080599125
6.351426839828491,708,948,1.0,12.723622541688533
6.394274950027466,710,947,1.118033988749895,26.092959142376607
6.430652856826782,712,947,1.0,27.489212216542143
6.479950904846191,712,947,0.0,0.0
6.560889959335327,713,947,0.5,6.177487532512673
6.644246816635132,714,948,0.7071067811865476,8.482886760513756
6.7205119132995605,714,947,0.5,6.556079017378446
6.759951829910278,714,947,0.0,0.0
6.803436994552612,714,949,1.0,22.996348484017766
6.847332954406738,714,950,0.5,11.39056992173285
6.927050828933716,714,950,0.0,0.0
6.9680869579315186,713,951,0.7071067811865476,17.2313227016225
7.005444049835205,713,953,1.0,26.76867895868834
7.053483963012695,714,955,1.118033988749895,23.27302267635582
7.135637998580933,713,953,1.118033988749895,13.608996575965568
7.213180780410767,712,953,0.5,6.448053425491486
7.253194808959961,712,953,0.0,0.0
7.2928056716918945,713,953,0.5,12.622800048152161
7.336580753326416,713,952,0.5,11.42202324542771
7.375218868255615,713,951,0.5,12.940589904973466
7.419906854629517,712,951,0.5,11.188689412329607
7.455950975418091,712,948,1.5,41.61566344754597
7.501203775405884,712,948,0.0,0.0
7.537616729736328,712,947,0.5,13.731376901268277
7.583545923233032,711,946,0.7071067811865476,15.395584536821659
7.618571996688843,711,946,0.0,0.0
7.668733835220337,710,944,1.118033988749895,22.288536893398287
7.746866941452026,709,945,0.7071067811865476,9.05002777042745
7.789414882659912,709,945,0.0,0.0
7.86867880821228,709,943,1.0,12.616079673461531
7.909955024719238,709,942,0.5,12.113513357400722
7.952552795410156,709,939,1.5,35.213110349922765
7.987121820449829,709,939,0.0,0.0
8.033048868179321,706,937,1.8027756377319946,39.25302685141542
8.07335090637207,706,935,1.0,24.812640869858434
8.118478059768677,707,936,0.7071067811865476,15.669208624174418
8.154924869537354,709,937,1.118033988749895,30.67577096173612
8.201796770095825,710,937,0.5,10.667372008443754
8.237058877944946,710,933,2.0,56.718106828938474
8.280910968780518,711,932,0.7071067811865476,16.124813383196024
8.315953731536865,711,931,0.5,14.268281398829773
8.364957809448242,711,932,0.5,10.20323249228853
8.400591850280762,714,930,1.8027756377319946,50.591389458329026
8.440457820892334,715,929,0.7071067811865476,17.73710185250799
8.481298923492432,717,929,1.0,24.485137186223
8.52878999710083,719,929,1.0,21.05658861801679
8.61055588722229,721,931,1.4142135623730951,17.295886588800506
8.646438837051392,720,929,1.118033988749895,31.157805979572895
8.69037675857544,721,929,0.5,11.379691679915785
8.73359990119934,721,929,0.0,0.0
8.811897039413452,717,925,2.8284271247461903,36.12427209039971
8.855375051498413,716,925,0.5,11.500065803904365
8.936613082885742,714,925,1.0,12.30950557174595
8.979498863220215,714,927,1.0,23.317752229313527
9.01986289024353,714,931,2.0,49.54906998860005
9.062718868255615,714,931,0.0,0.0
9.139746904373169,715,933,1.118033988749895,14.514637073748647
9.178376913070679,715,933,0.0,0.0
9.226874828338623,715,933,0.0,0.0
9.303570747375488,711,935,2.23606797749979,29.1549798943668
9.341700077056885,708,935,1.5,39.33979465502795
9.389711856842041,706,935,1.0,20.82822183378357
9.42914605140686,707,935,0.5,12.679351144807406
9.463143825531006,706,935,0.5,14.706845165045548
9.510194778442383,706,936,0.5,10.626777335238616
9.546724081039429,706,936,0.0,0.0
9.591928005218506,706,937,0.5,11.060986608579158
9.629953861236572,706,937,0.0,0.0
9.676256895065308,705,937,0.5,10.79842849713453
9.709889888763428,706,938,0.7071067811865476,21.024199853671384
9.755465984344482,707,937,0.7071067811865476,15.514860853514653
9.799280881881714,707,937,0.0,0.0
9.83688998222351,706,939,1.118033988749895,29.727751490704176
9.87608289718628,706,940,0.5,12.757407824219676
9.916593790054321,707,942,1.118033988749895,27.598354654678158
9.960179805755615,708,942,0.5,11.471569308528387
9.996379852294922,708,943,0.5,13.812136939025514
10.041860818862915,710,947,2.23606797749979,49.164917683904356
10.085376977920532,710,946,0.5,11.489984659215429
10.122812747955322,710,944,1.0,26.712419674302783
10.1611008644104,710,941,1.5,39.17664640828933
10.204143762588501,710,936,2.5,58.08159082726341
10.252755880355835,710,936,0.0,0.0
10.327717781066895,710,931,2.5,33.35027495682431
10.368879079818726,710,934,1.5,36.44199880678626
10.40770673751831,710,934,0.0,0.0
10.453804969787598,710,936,1.0,21.692805792604087
10.491974830627441,709,939,1.5811388300841898,41.42375149646111
10.535636901855469,709,942,1.5,34.354760500622504
10.572476863861084,703,942,3.0,81.43330874072923
10.617962837219238,703,932,5.0,109.92399702277993
10.65302586555481,701,932,1.0,28.520069357087003
10.698511838912964,701,930,1.0,21.984799404555986
10.744163036346436,697,928,2.23606797749979,48.981584344166485
10.824427843093872,696,923,2.5495097567963922,31.763731330204912
10.904444932937622,691,915,4.716990566028302,58.94978904180602
10.943344831466675,684,914,3.5355339059327378,90.88799816000015
10.986618041992188,684,931,8.5,196.4263778161002
11.021965026855469,687,933,1.8027756377319946,51.00224657647485
11.068127870559692,686,933,0.5,10.831221819947217
11.104218006134033,686,939,3.0,83.1252072694602
11.155028820037842,684,943,2.23606797749979,44.00771815489817
11.233325004577637,683,943,0.5,6.386007222942893
11.319162845611572,682,938,2.5495097567963922,29.701466463822836
11.358811855316162,683,933,2.5495097567963922,64.301978177812
11.392740964889526,686,934,1.5811388300841898,46.60124742340567
11.43829870223999,687,936,1.118033988749895,24.54103416394781
11.475581884384155,688,932,2.0615528128088303,55.294443613672904
11.517541885375977,688,921,5.5,131.07721329825617
11.560519933700562,689,892,14.508618128546908,337.5820609389437
11.595006942749023,691,881,5.5901699437494745,162.09494815552264
11.63963794708252,698,882,3.5355339059327378,79.2169918363069
11.67881178855896,713,853,16.32482771731451,416.72777297402496
11.725789785385132,713,748,52.5,1117.5444579780756
11.765722036361694,714,764,8.0156097709407,200.73022619349243
11.802242994308472,716,743,10.547511554864494,288.8070890756911
11.845095872879028,717,737,3.0413812651491097,70.97262463107396
11.885066986083984,716,706,15.508062419270823,387.98174921352864
11.925601959228516,716,683,11.5,283.7056277056277
11.96939492225647,715,659,12.010412149464313,274.2543851576743
12.007678747177124,711,603,28.071337695236398,733.2427664533536
12.04976511001587,710,583,10.012492197250394,237.90348041272875
12.091247797012329,724,565,11.40175425099138,274.8557308248711
12.134392023086548,738,542,13.46291201783626,312.044350840289
12.171555995941162,763,568,18.034688796871432,485.2734358466806
12.217867851257324,772,554,8.32165848854662,179.68743492862166
12.295606851577759,783,544,7.433034373659253,95.615255444768
12.335891962051392,791,543,4.031128874149275,100.06498248993773
12.377631902694702,794,551,4.272001872658765,102.34805816245016
12.423146963119507,800,558,4.6097722286464435,101.28015179200379
12.461968898773193,811,557,5.522680508593631,142.2567014138358
12.504016876220703,809,561,2.23606797749979,53.178966343652704
12.539813041687012,810,560,0.7071067811865476,19.753701883294667
12.585205793380737,807,560,1.5,33.04492334196469
12.621569871902466,809,559,1.118033988749895,30.745560844662666
12.669903755187988,809,561,1.0,20.68941976155125
12.703680992126465,810,556,2.5495097567963922,75.48011583778118
12.752599000930786,811,554,1.118033988749895,22.855263656012315
12.827731847763062,812,546,4.031128874149275,53.653349288737346
12.873517990112305,812,544,1.0,21.84066944037992
12.90771770477295,810,542,1.4142135623730951,41.351618760740934
12.956995010375977,810,526,8.0,162.34653867740124
13.034875869750977,804,528,3.1622776601683795,40.60404168040653
13.079071998596191,796,535,5.315072906367325,120.26105102964901
13.112178802490234,791,536,2.5495097567963922,77.00863438693746
13.16382384300232,787,533,2.5,48.40735867783856
13.238515853881836,777,521,7.810249675906654,104.5660651512667
13.282711029052734,760,517,8.73212459828649,197.5809477962292
13.321308851242065,745,510,8.276472678623424,214.42848868585
13.360231876373291,718,505,13.729530217745982,352.7354354256399
13.40582275390625,704,496,8.32165848854662,182.5290263941651
13.445814847946167,690,469,15.20690632574555,380.24781374456666
13.485447883605957,665,466,12.589678312014172,317.65616997103035
13.525017023086548,657,470,4.47213595499958,113.02080393214567
13.56548285484314,654,475,2.9154759474226504,72.04784433839608
13.610687971115112,627,484,14.230249470757707,314.7928961213737
13.6491219997406,606,485,10.51189802081432,273.50497454339586
13.697158813476562,596,470,9.013878188659973,187.64521390210135
13.813699007034302,670,-54,264.5996976566678,2270.4587111018755
13.901419878005981,671,-48,3.0413812651491097,34.67112480142846
14.226149797439575,647,-50,12.041594578792296,37.08187591644066
14.346027851104736,666,-40,10.735455276791944,89.5531329427304
14.424405813217163,602,-261,115.04021036142102,1467.76220331431
14.469825983047485,591,-309,24.62214450449026,542.0971475111625
14.673995971679688,666,2,159.9578069367044,783.4540620211187
14.760424852371216,636,-1,15.074813431681335,174.41870484803067
14.79713773727417,631,-70,34.590461112855955,942.1885859499054
14.836201906204224,621,-218,74.16872656315464,1898.6382814378399
15.129608869552612,669,-28,97.98469268207153,333.9548985608955
15.204012870788574,674,5,16.688319268278637,224.2933040032882
15.252506017684937,668,4,3.0413812651491097,62.71775415295347
15.332116842269897,665,20,8.139410298049853,102.23999488114141
15.372833967208862,628,-69,48.19232304008596,1183.58855425884
15.411628007888794,568,-158,53.66796064692602,1383.4073405683862
15.455319881439209,556,-188,16.15549442140351,369.75970835313484
15.490460872650146,556,-247,29.5,839.4754667824577
15.538245677947998,577,-263,13.200378782444085,276.24636534906176
15.572723865509033,570,-231,16.3783393541592,475.03481223209235
15.618741989135742,574,-295,32.0624390837628,696.7350373484961
15.654322862625122,571,-350,27.54087870784082,774.0360482173428
15.704143762588501,576,-359,5.1478150704935,103.32641671020448
15.738255023956299,590,-359,7.0,205.21082244728217
15.783524990081787,588,-377,9.055385138137417,200.0307469423746
15.818300724029541,593,-384,4.301162633521313,123.68287150986548
15.86472487449646,593,-406,11.0,236.94563905565514
15.906105041503906,595,-373,16.53027525481654,399.47338182182654
15.942818880081177,595,-388,7.5,204.2826435654495
15.987422943115234,596,-388,0.5,11.20974113094188
16.02308487892151,597,-385,1.5811388300841898,44.33687612117797
16.070383071899414,599,-378,3.640054944640259,76.95970428173995
16.10907483100891,600,-404,13.009611831257688,336.23727973806234
16.150529861450195,601,-348,28.00446392988089,675.5383757236816
16.19523787498474,592,-409,30.83018001893599,689.5895742519067
16.274021863937378,595,-383,13.0862523283024,166.1029417559649
16.320328950881958,594,-378,2.5495097567963922,55.05657826949088
16.397807836532593,593,-366,6.020797289396148,77.708878216769
16.433050870895386,592,-367,0.7071067811865476,20.06373157054432
16.48072075843811,596,-348,9.7082439194738,203.65569167270826
16.520750045776367,592,-365,8.73212459828649,218.14339397296771
16.55791687965393,593,-374,4.527692569068709,121.82077666297917
16.60215187072754,603,-346,14.866068747318506,336.0703458169779
16.643457889556885,604,-368,11.01135777277262,266.5799824056063
16.681415796279907,607,-396,14.080127840328723,370.9405774947215
16.72613286972046,611,-402,3.605551275463989,80.6303051172908
16.77118992805481,619,-414,7.211102550927978,160.0437937474134
16.84778904914856,620,-410,2.0615528128088303,26.91353090443018
16.887284994125366,620,-409,0.5,12.659527460189064
16.930811882019043,627,-416,4.949747468305833,113.71700821792253
16.973979711532593,622,-390,13.238202294873727,306.6682398455644
17.008468866348267,603,-398,10.307764064044152,298.8697206160506
17.06022071838379,602,-391,3.5355339059327378,68.31705082759063
17.139195680618286,612,-385,5.830951894845301,73.83291779908292
17.217592000961304,610,-386,1.118033988749895,14.261306957495147
17.253314971923828,605,-366,10.307764064044152,288.5472228739773
17.301782846450806,608,-306,30.03747659175118,619.7399181396354
17.33984875679016,609,-249,28.50438562747845,748.8166018719489
17.38124370574951,623,-127,61.40032573203501,1483.2806242213148
17.421293020248413,618,-222,47.56574397610112,1187.6793540974575
17.463453769683838,610,-252,15.524174696260024,368.2139170708412
17.499337911605835,608,-260,4.123105625617661,114.90049377745288
17.54511785507202,592,-235,14.84082207965583,324.1773789130472
17.58855175971985,579,-191,22.940139493908923,528.1620356243183
17.622103929519653,570,-210,10.51189802081432,313.3000960455175
17.670562982559204,545,-257,26.61766330841233,549.2815405758716
17.755534887313843,517,-286,20.155644370746373,237.20363135258614
17.830991744995117,396,-309,61.58327695080865,816.1389016613043
17.875605821609497,435,-334,23.16246964380094,519.1740231229011
17.909769773483276,459,-343,12.816005617976296,375.1324104812515
17.95517086982727,450,-383,20.5,451.5309464043776
17.994675874710083,448,-390,3.640054944640259,92.14161485204481
18.03548574447632,416,-378,17.08800749063506,418.72242152492913
18.0733380317688,415,-371,3.5355339059327378,93.40344161012135
18.11872100830078,413,-402,15.532224567009067,342.24781523669236
18.157493829727173,399,-389,9.5524865872714,246.3706853370563
18.204325675964355,392,-391,3.640054944640259,77.726061155159
18.239471673965454,388,-413,11.180339887498949,318.111322010246
18.28394103050232,386,-416,1.8027756377319946,40.539728436085824
18.32132077217102,354,-414,16.0312195418814,428.87454075972573
18.362991094589233,342,-422,7.211102550927978,173.05127804281673
18.412412881851196,324,-419,9.12414379544733,184.6178436867187
18.486178874969482,335,-417,5.5901699437494745,75.7824806179381
18.529701709747314,319,-417,8.0,183.81155641255998
18.568359851837158,327,-415,4.123105625617661,106.65555566626367
18.612464666366577,332,-428,6.96419413859206,157.9009959093418
18.647839784622192,336,-426,2.23606797749979,63.210190884516685
18.690117835998535,347,-417,7.106335201775948,168.0856844256637
18.734192848205566,349,-418,1.118033988749895,25.366617790103206
18.77060866355896,353,-413,3.2015621187164243,87.91680448857707
19.432479858398438,694,490,482.6204512865156,729.1757898658284
19.55636692047119,694,463,13.5,108.9702166968169
19.635663747787476,688,463,3.0,37.83253506516935
19.672367095947266,683,467,3.2015621187164243,87.22806717191708
19.72002077102661,682,467,0.5,10.49237019322173
19.75527596473694,674,467,4.0,113.45846041482103
19.800800800323486,667,474,4.949747468305833,108.726311792951
19.836323976516724,660,476,3.640054944640259,102.4698615022277
19.882280826568604,654,480,3.605551275463989,78.45514371402186
19.927156925201416,647,485,4.301162633521313,95.84528879648174
19.963230848312378,637,485,5.0,138.6042761309937
20.000298976898193,625,485,6.0,161.86411963338156
20.046302795410156,616,482,4.743416490252569,103.10919057771444
20.08268690109253,611,482,2.5,68.71132196637092
20.12887191772461,601,479,5.220153254455275,113.02698656666415
20.166249752044678,594,474,4.301162633521313,115.07254798900952
20.208324670791626,592,465,4.6097722286464435,109.56104886074907
20.248313903808594,589,458,3.8078865529319543,95.22279537885198
20.292757987976074,578,458,5.5,123.75100315430338
20.336248874664307,574,453,3.2015621187164243,73.61455151896659
20.41727876663208,550,439,13.892443989449804,171.44838345551534
20.45168685913086,526,464,17.327723451163457,503.5944219162453
20.49832797050476,518,463,4.031128874149275,86.42866251263781
20.53767490386963,525,495,16.3783393541592,416.2545325268725
20.579911708831787,528,486,4.743416490252569,112.30528669255175
20.788367748260498,668,275,126.61062356690294,607.3732567973979
20.908275842666626,761,164,72.40511031688303,603.8383870203741
21.728242874145508,632,399,134.0391733785314,163.46897891343275
21.80666995048523,630,454,27.518175811634027,350.8759614145739
21.857264757156372,631,459,2.5495097567963922,50.39074016761762
21.93407392501831,629,476,8.558621384311845,111.42708120071862
21.969645023345947,625,506,15.132745950421556,425.42251046165404
22.01253867149353,624,521,7.516648189186454,175.23919073808148
22.056403875350952,624,528,3.5,79.78989477345856
22.09246301651001,624,537,4.5,124.7949855530504
22.13798499107361,628,537,2.0,43.934825305211774
22.18080186843872,628,535,1.0,23.35527627278144
22.264364004135132,629,541,3.0413812651491097,36.396643525229244
22.297295093536377,630,546,2.5495097567963922,77.41953889627459
22.34769892692566,632,558,6.082762530298219,120.68055386421554
22.427581787109375,635,555,2.1213203435596424,26.555387960333388
22.46202802658081,636,552,1.5811388300841898,45.9016384472199
22.50996708869934,635,553,0.7071067811865476,14.75011712657649
22.54425287246704,635,557,2.0,58.3332151176941
22.587456941604614,633,566,4.6097722286464435,106.69764030715957
22.628653049468994,631,566,1.0,24.274137821273346
22.670182704925537,630,568,1.118033988749895,26.921340340032835
22.708947896957397,632,566,1.4142135623730951,36.481531194551565
22.757126808166504,633,562,2.0615528128088303,42.78952680896553
22.837369918823242,635,563,1.118033988749895,13.933083844824875
22.918941736221313,635,548,7.5,91.94351970117233
22.95641279220581,632,549,1.5811388300841898,42.196270922771845
23.003132820129395,631,547,1.118033988749895,23.93050771670276
23.080960988998413,631,543,2.0,25.69763658921378
23.118695735931396,631,550,3.5,92.7527089612121
23.166066884994507,630,536,7.0178344238090995,148.14575036927158
23.244014978408813,630,518,9.0,115.46145140668872
23.28037977218628,632,520,1.4142135623730951,38.88963515171757
23.328819751739502,637,522,2.692582403567252,55.585952521074454
23.366854906082153,638,524,1.118033988749895,29.394753566075806
23.40367579460144,639,525,0.7071067811865476,19.203957580115393
23.446969032287598,639,526,0.5,11.549147782030454
23.48662495613098,639,533,3.5,88.25919713339225
23.533960819244385,639,533,0.0,0.0
23.569373846054077,639,535,1.0,28.238196225754546
23.611779928207397,638,535,0.5,11.79076148068187
23.653101921081543,636,540,2.692582403567252,65.16100062666524
23.692194938659668,635,541,0.7071067811865476,18.087802502670407
23.7484290599823,634,541,0.5,8.891398820501731
23.818958044052124,635,534,3.5355339059327378,50.12880807176427
23.85389280319214,636,506,14.0089257261219,401.00249925799335
23.90024185180664,638,520,7.0710678118654755,152.56122883292667
23.945928812026978,638,532,6.0,131.32850097847358
23.985904693603516,637,556,12.010412149464313,300.44145809440374
24.062402963638306,638,566,5.024937810560445,65.6869470156017
24.10389280319214,636,563,1.8027756377319946,43.45101492602534
24.145832777023315,631,570,4.301162633521313,102.55520546662751
24.19198775291443,630,579,4.527692569068709,98.09760446523111
24.26950979232788,626,587,4.47213595499958,57.68857461486681
24.305304050445557,624,583,2.23606797749979,62.47001879878559
24.350435972213745,624,581,1.0,22.157266095078104
24.38903284072876,624,566,7.5,194.31628234509256
24.434401988983154,624,562,2.0,44.08282008702415
24.473715782165527,624,554,4.0,101.74546072022027
24.522361040115356,623,557,1.5811388300841898,32.503452478655106
24.594500064849854,623,546,5.5,76.24167391009773
24.63917374610901,623,544,1.0,22.384544362908606
24.67485475540161,623,548,2.0,56.05222609032655
24.720808744430542,623,548,0.0,0.0
24.7568359375,623,550,1.0,27.756811308393278
24.799757957458496,623,550,0.0,0.0
24.844059705734253,623,549,0.5,11.28623631030864
24.88190484046936,623,545,2.0,52.84695150377361
24.929014921188354,623,544,0.5,10.61343967934249
24.962318897247314,622,545,0.7071067811865476,21.231902759439755
25.010815858840942,622,544,0.5,10.309924242051807
25.047019004821777,622,542,1.0,27.621908895137867
25.087074041366577,625,538,2.5,62.41412355731743
25.13121771812439,626,536,1.118033988749895,25.327160555379574
25.170291900634766,626,508,14.0,358.29284454722404
25.207029819488525,628,485,11.543396380615196,314.2093167162038
25.25711464881897,629,492,3.5355339059327378,70.59091451837382
25.296196699142456,630,485,3.5355339059327378,90.46439162399986
25.333125829696655,629,489,2.0615528128088303,55.82456943531834
25.37519669532776,629,490,0.5,11.884709109249792
25.412298917770386,628,492,1.118033988749895,30.13388188480535
25.4669828414917,627,488,2.0615528128088303,37.699431067074734
25.539233922958374,625,477,5.5901699437494745,77.37143625079014
25.57944393157959,623,479,1.4142135623730951,35.17068538072683
25.620884895324707,623,468,5.5,132.71892115800617
25.66461682319641,623,464,2.0,45.73317704783972
25.701348066329956,622,460,2.0615528128088303,56.12532103293043
25.747332096099854,619,452,4.272001872658765,92.90185949417045
25.785900831222534,618,455,1.5811388300841898,40.99535089898211
25.83013391494751,616,457,1.4142135623730951,31.97185100559877
25.86342978477478,613,458,1.5811388300841898,47.4875363907502
25.913423776626587,611,459,1.118033988749895,22.363367023461485
25.9467670917511,609,498,19.525624189766635,585.5933675716826
25.993030786514282,609,494,2.0,43.2304425800334
26.027209758758545,608,493,0.7071067811865476,20.688357044008043
26.078105926513672,604,502,4.924428900898052,96.75441429285208
26.157880067825317,604,514,6.0,75.21234201143466
26.193182945251465,603,521,3.5355339059327378,100.14860441132501
26.23554491996765,603,535,7.0,165.24253288233274
26.27605390548706,606,530,2.9154759474226504,71.97109258699531
26.320762872695923,604,532,1.4142135623730951,31.631541738963875
26.358490705490112,600,537,3.2015621187164243,84.85942291414905
26.403554916381836,600,528,4.5,99.85751244623386
26.43790292739868,598,526,1.4142135623730951,41.173084568987285
26.482917070388794,596,518,4.123105625617661,91.59578194176288
26.53239893913269,596,520,1.0,20.209422671073806
26.606392860412598,596,535,7.5,101.35967752849174
26.642648935317993,600,526,4.924428900898052,135.82355270799638
26.686248779296875,600,549,11.5,263.7624117547342
26.733344793319702,600,539,5.0,106.16609714734098
26.81212592124939,600,540,0.5,6.346697656401317
26.848060846328735,600,549,4.5,125.22636376905827
26.891754865646362,599,535,7.0178344238090995,160.61315789682865
26.932679891586304,597,523,6.082762530298219,148.63185521799886
26.98343276977539,593,535,6.324555320336759,124.61471242623419
27.059257984161377,592,515,10.012492197250394,132.04700149322437
27.094398975372314,593,518,1.5811388300841898,44.99414431975573
27.14068293571472,582,504,8.902246907382429,192.3397834049614
27.17700982093811,574,499,4.716990566028302,129.84847275018555
27.218533754348755,562,500,6.020797289396148,144.99583239994155
27.261521816253662,545,496,8.73212459828649,203.1290598213661
27.301361799240112,528,498,8.558621384311845,214.82492568389603
27.34641671180725,520,499,4.031128874149275,89.47146147808587
27.38106393814087,502,500,9.013878188659973,260.1616101059673
27.42597484588623,490,461,20.402205763103165,454.2817499655288
27.466336965560913,475,512,26.580067720004024,658.5399363125255
27.511887073516846,477,490,11.045361017187261,242.48814136451836
27.545836925506592,471,485,3.905124837953327,115.02626989751813
27.59505295753479,460,496,7.7781745930520225,158.0414810481985
27.67135190963745,452,488,5.656854249492381,74.14065453849244
27.708345890045166,426,502,14.7648230602334,399.1142044599855
27.755536794662476,441,493,8.74642784226795,185.3413896850744
27.791940689086914,441,483,5.0,137.34794254988898
27.83487296104431,436,458,12.747548783981962,296.9222965099915
27.876399755477905,435,461,1.5811388300841898,38.07514766430184
27.918421983718872,435,465,2.0,47.59385886277758
27.95865488052368,438,466,1.5811388300841898,39.29965166950582
27.999820947647095,439,475,4.527692569068709,109.98603669121445
28.036244869232178,457,469,9.486832980505138,260.45611146907254
28.08224391937256,457,470,0.5,10.869789669005982
28.124390840530396,477,473,10.111874208078342,239.9196413472331
28.16123104095459,493,474,8.0156097709407,217.57780030090578
28.204792976379395,512,466,10.307764064044152,236.6231886514112
28.244046926498413,519,467,3.5355339059327378,90.06823250177236
28.287402868270874,529,474,6.103277807866851,140.7714273604723
28.325692892074585,536,472,3.640054944640259,95.06536123614207
28.36665391921997,545,480,6.020797289396148,146.98843532478142
28.407050848007202,557,477,6.18465843842649,153.0972433820593
28.454197883605957,583,463,14.7648230602334,313.1654593491203
28.488971948623657,595,444,11.236102527122116,323.117315200362
28.535496950149536,601,448,3.605551275463989,77.4970694726028
28.57037878036499,619,451,9.12414379544733,261.57296618584405
28.61520791053772,640,456,10.793516572461451,240.77015393502717
28.86092782020569,683,454,2.5,57.1362561436776
28.903949975967407,686,458,2.5,58.10959389962759
28.94311285018921,694,459,4.031128874149275,102.93240611806698
28.97927975654602,699,461,2.692582403567252,74.44878964772562
29.024430990219116,702,464,2.1213203435596424,46.98255553587841
29.06518793106079,708,458,4.242640687119285,104.09615146534988
29.103846788406372,709,456,1.118033988749895,28.920513060060557
29.15039896965027,712,452,2.5,53.703176375387955
29.18993878364563,713,453,0.7071067811865476,17.88341192676078
29.226316928863525,718,453,2.5,68.72258013776289
29.278932809829712,718,450,1.5,28.508502992926633
29.315024852752686,718,449,0.5,13.853469061507058
29.352313995361328,717,447,1.118033988749895,29.982829063244967
29.39883780479431,719,447,1.0,21.494370563968534
29.476688861846924,722,448,1.5811388300841898,20.309792698327072
29.52350091934204,723,445,1.5811388300841898,33.77631564793137
29.557591915130615,724,445,0.5,14.66662936749937
29.597548007965088,723,448,1.5811388300841898,39.57190800998543
29.636282682418823,721,451,1.8027756377319946,46.541649391818886
29.680842876434326,713,451,4.0,89.76621597761358
29.724360942840576,703,451,5.0,114.89481065918653
29.759827852249146,680,451,11.5,324.2459010883375
29.80316996574402,664,450,8.0156097709407,184.9381380972312
29.84804606437683,655,453,4.743416490252569,105.70028667296579
29.88156485557556,643,451,6.082762530298219,181.47320690158438
29.925946712493896,638,450,2.5495097567963922,57.444864496941385
30.82603096961975,473,346,97.52051066314203,108.34597971365942
30.910534858703613,475,351,2.692582403567252,31.863414012757598
30.94728374481201,475,347,2.0,54.42341827996056
30.997157096862793,477,347,1.0,20.050787823160473
31.030531883239746,481,352,3.2015621187164243,95.92756887059073
31.076279878616333,481,350,1.0,21.858881285796926
31.11097478866577,483,355,2.692582403567252,77.60741848675957
31.194700956344604,534,295,39.37321424522006,470.26175133504995
31.323656797409058,550,314,12.419742348374221,96.31004106410921
31.406553983688354,551,317,1.5811388300841898,19.073492129841693
31.440216064453125,554,330,6.670832032063167,198.17051948388806
31.48356866836548,555,339,4.527692569068709,104.43876861981346
31.52288579940796,555,339,0.0,0.0
31.5671968460083,554,343,2.0615528128088303,46.52457955693893
31.610140800476074,552,341,1.4142135623730951,32.93161004616768
31.6443829536438,548,345,2.8284271247461903,82.6007380695955
31.69451594352722,544,349,2.8284271247461903,56.41848075136344
31.771901845932007,537,347,3.640054944640259,47.037701073770464
31.80956482887268,528,347,4.5,119.48071152750522
31.85194683074951,522,334,7.158910531638177,168.91393078701492
31.89386487007141,511,336,5.5901699437494745,133.35952812155932
31.933181762695312,509,332,2.23606797749979,56.8729578629123
31.977620840072632,503,332,3.0,67.50815221765
32.02194404602051,497,341,5.408326913195984,122.02021035112327
32.10046672821045,493,342,2.0615528128088303,26.2542332395379
32.1431610584259,490,345,2.1213203435596424,49.6862307677516
32.17866897583008,485,355,5.5901699437494745,157.43446398498764
32.22319293022156,486,362,3.5355339059327378,79.40745502626176
32.26515293121338,487,360,1.118033988749895,26.64523265783093
32.30005383491516,489,360,1.0,28.652553198756703
32.34434199333191,492,362,1.8027756377319946,40.70559043724553
32.389309883117676,495,365,2.1213203435596424,47.17411365456358
32.42511987686157,502,356,5.70087712549569,159.1979369297532
32.46859002113342,507,359,2.9154759474226504,67.06846724938497
32.513479709625244,513,357,3.1622776601683795,70.44552471654004
32.593507051467896,520,356,3.5355339059327378,44.179074607829094
32.629960775375366,527,356,3.5,96.01213881149525
32.67223286628723,529,357,1.118033988749895,26.448514010838228
32.722216844558716,530,359,1.118033988749895,22.36784720650633
32.798141956329346,534,367,4.47213595499958,58.90193442862387
32.83522295951843,539,366,2.5495097567963922,68.7551451560168
32.87940073013306,539,364,1.0,22.63581855959416
32.91613984107971,542,348,8.139410298049853,221.54619663682593
32.962525844573975,542,353,2.5,53.89556787985012
33.000184059143066,542,358,2.5,66.38657803102248
33.04402780532837,542,362,2.0,45.616539963239696
33.082589864730835,541,369,3.5355339059327378,91.68426066235095
33.12477898597717,541,364,2.5,59.25698204053031
33.16904282569885,540,365,0.7071067811865476,15.97481794694414
33.20390176773071,540,366,0.5,14.343521944613533
33.247020959854126,541,368,1.118033988749895,25.928917813439714
33.28495693206787,540,370,1.118033988749895,29.471605009896233
33.32873892784119,538,371,1.118033988749895,25.53638702398584
33.37025189399719,537,358,6.519202405202649,157.04014935245692
33.41210985183716,538,342,8.0156097709407,191.49548101669274
33.453325033187866,541,339,2.1213203435596424,51.46939244325809
33.48962879180908,539,338,1.118033988749895,30.796645614994773
33.53566288948059,539,337,0.5,10.86151407958318
33.57260990142822,542,340,2.1213203435596424,57.41520712328162
33.62382197380066,542,338,1.0,19.526645840995535
33.69788384437561,541,334,2.0615528128088303,27.8355488027071
33.739386796951294,542,336,1.118033988749895,26.938661453328656
33.78631091117859,541,342,3.0413812651491097,64.8148892148931
33.82337784767151,541,337,2.5,67.44555219656526
33.859731912612915,540,341,2.0615528128088303,56.707628600310386
33.90355396270752,540,344,1.5,34.229343373067906
33.94676971435547,539,349,2.5495097567963922,58.99491874087021
33.98276495933533,538,349,0.5,13.890723629740023
34.029804944992065,538,343,3.0,63.77552965027876
34.108150005340576,536,347,2.23606797749979,28.541275832233055
34.15322494506836,537,350,1.5811388300841898,35.078002092360215
34.18798589706421,535,353,1.8027756377319946,51.86209048438151
34.23509192466736,535,347,3.0,63.686117311225495
34.31345510482788,531,335,6.324555320336759,80.7082523626692
34.35004997253418,529,336,1.118033988749895,30.55166089745025
34.39664387702942,527,335,1.118033988749895,23.995284380259015
34.439209938049316,529,338,1.8027756377319946,42.35241867668444
34.48036503791809,528,345,3.5355339059327378,85.90755258050659
34.514309883117676,526,353,4.123105625617661,121.46485280386764
34.55845880508423,526,311,21.0,475.6628036333395
34.597996950149536,519,333,11.543396380615196,291.9559418265133
34.64134693145752,519,348,7.5,173.0104552229366
34.68000793457031,519,337,5.5,142.26221663089865
34.72400093078613,519,331,3.0,68.19267288098851
34.76182174682617,517,344,6.576473218982953,173.88501644228828
34.80559206008911,517,318,13.0,297.0049568049851
34.84718084335327,518,324,3.0413812651491097,73.12984479086869
34.885221004486084,518,326,1.0,26.288006417970315
34.929778814315796,517,331,2.5495097567963922,57.218022307199114
34.96642780303955,517,337,3.0,81.85764749507211
35.0105299949646,514,353,8.139410298049853,184.55795376072663
35.05182480812073,513,352,0.7071067811865476,17.123380084397276
35.09176993370056,514,352,0.5,12.517171813634791
35.135870933532715,518,326,13.152946437965905,298.24599188284856
35.17244791984558,517,327,0.7071067811865476,19.33201317184018
35.21532487869263,517,331,2.0,46.645099227642504
35.260278940200806,516,338,3.5355339059327378,78.64770806725663
35.29422187805176,516,339,0.5,14.73060470474197
35.33693194389343,520,338,2.0615528128088303,48.268546821045824
35.382954835891724,522,342,2.23606797749979,48.585994499928916
35.418293952941895,522,328,7.0,198.08078368404364
35.462676763534546,520,323,2.692582403567252,60.66723507620928
35.503368854522705,515,324,2.5495097567963922,62.65369252069802
35.54151177406311,518,322,1.8027756377319946,47.26370344625276
35.5847647190094,519,333,5.522680508593631,127.68334076330808
35.62604594230652,522,346,6.670832032063167,161.59482445687843
35.66771984100342,527,338,4.716990566028302,113.18812766560886
35.70321083068848,531,342,2.8284271247461903,79.69423084126996
35.749918937683105,541,346,5.385164807134504,115.29400683598158
35.79385805130005,549,343,4.272001872658765,97.22549047988622
35.82864284515381,554,351,4.716990566028302,135.60495962285137
35.87309980392456,563,348,4.743416490252569,106.6968281549039
35.90816402435303,566,349,1.5811388300841898,45.09265601126972
37.6758189201355,708,154,120.61198116273523,68.23276503264802
37.92306590080261,701,154,3.5,14.155885708114237
38.004562854766846,698,153,1.5811388300841898,19.401201556295035
38.04528570175171,702,157,2.8284271247461903,69.45553501692844
38.08239793777466,710,164,5.315072906367325,143.2161862486708
38.12753772735596,720,168,5.385164807134504,119.29973216723963
38.16838884353638,735,173,7.905694150420948,193.52455672215325
38.29530692100525,767,185,17.08800749063506,134.63808963562394
38.53579902648926,856,213,46.650294747193186,193.97848695825542
38.943119049072266,967,203,55.724770075793046,136.8083251160011
38.987872838974,969,213,5.0990195135927845,113.93492092599938
39.03105568885803,969,218,2.5,57.89335365113018
39.066314935684204,970,220,1.118033988749895,31.70895834110705
39.14708185195923,974,225,3.2015621187164243,39.63952403252078
39.197202920913696,972,223,1.4142135623730951,28.215949736782953
39.23190689086914,971,221,1.118033988749895,32.21631387375318
39.27408409118652,972,220,0.7071067811865476,16.765142680537814
39.314576864242554,970,219,1.118033988749895,27.61070443861327
39.35638689994812,965,220,2.5495097567963922,60.978416157079764
39.39440202713013,959,220,3.0,78.91595326346686
39.44137167930603,955,220,2.0,42.580685769396716
39.475080728530884,946,220,4.5,133.49531070968837
39.51995277404785,935,216,5.852349955359813,130.42307048709924
39.56156373023987,901,211,17.18284027743958,412.94028904666817
39.60300278663635,881,206,10.307764064044152,248.74514432521312
39.6845817565918,858,174,19.704060495238032,241.53357790616528
39.77070999145508,833,186,13.865424623862047,160.98582126838926
39.805519819259644,814,178,10.307764064044152,296.11649106440717
39.84881091117859,810,163,7.762087348130012,179.29987450219798
39.88984489440918,798,164,6.020797289396148,146.7270982581005
39.93009686470032,785,162,6.576473218982953,163.3826411829311
39.97295308113098,775,159,5.220153254455275,121.80620897555954
40.01306080818176,769,154,3.905124837953327,97.36589742442808
40.05402183532715,761,149,4.716990566028302,115.15801469738462
40.09457492828369,758,147,1.8027756377319946,44.454701387730495
40.1342236995697,753,142,3.5355339059327378,89.17133598992962
40.18080186843872,751,140,1.4142135623730951,30.362154561077187
40.382307052612305,578,19,105.55804090641318,523.8477676856273
40.50160884857178,597,31,11.236102527122116,94.18217418067259
40.914905071258545,517,334,156.69157603394,379.12656209465223
40.99594283103943,528,372,19.78004044485248,244.0842453978898
41.04012203216553,534,370,3.1622776601683795,71.57842558407604
41.074474811553955,536,364,3.1622776601683795,92.05303665279676
41.57445979118347,519,326,20.81465829649865,41.630567206083036
41.65252876281738,518,328,1.118033988749895,14.321105624302216
41.68993282318115,510,347,10.307764064044152,275.578746365956
41.7358078956604,511,350,1.5811388300841898,34.466187073588394
41.772193908691406,510,356,3.0413812651491097,83.58654911043529
41.853418827056885,621,49,163.22530441080514,2009.547164779641
41.90029263496399,642,58,11.423659658795863,243.7109372772853
41.980979919433594,674,53,16.194134740701646,200.70243839724336
42.09900379180908,742,58,34.09178786746157,288.85501874569826
42.182127714157104,756,70,9.219544457292887,110.91325092543859
42.22688579559326,758,86,8.06225774829855,180.12965456972336
42.26777386665344,751,83,3.8078865529319543,93.12952296838259
42.30450677871704,751,82,0.5,13.611771349200684
42.352580070495605,749,79,1.8027756377319946,37.500565720274636
42.387449979782104,751,80,1.118033988749895,32.063002503501686
42.43527603149414,751,77,1.5,31.363659476462757
42.47529482841492,751,77,0.0,0.0
42.509339809417725,752,79,1.118033988749895,32.83990637732161
42.55164098739624,753,79,0.5,11.820001803589143
42.59750175476074,754,79,0.5,10.90256506233299
42.63668990135193,758,80,2.0615528128088303,52.606540296868154
42.6772940158844,756,74,3.1622776601683795,77.88071964085161
42.71731185913086,760,72,2.23606797749979,55.87677386130987
42.761722803115845,758,71,1.118033988749895,25.17474046775238
42.798663854599,758,75,2.0,54.14031056782538
42.848339796066284,762,84,4.924428900898052,99.13106335671785
42.92350792884827,759,83,1.5811388300841898,21.03469610812501
42.96688771247864,760,82,0.7071067811865476,16.30037593575011
43.003299951553345,760,84,1.0,27.46329326104607
43.049659729003906,759,83,0.7071067811865476,15.25259222697116
43.08409070968628,762,84,1.5811388300841898,45.92198069146646
43.134684801101685,761,84,0.5,9.882576917820806
43.16762685775757,765,91,4.031128874149275,122.37028538499807
44.2770140171051,569,324,152.23747895968324,137.22664597021202
44.35416078567505,561,328,4.47213595499958,57.96919349829734
44.525147676467896,565,305,11.672617529928752,68.26615464965857
44.60353493690491,563,305,1.0,12.757175010645417
44.6496639251709,560,305,1.5,32.517513528600006
44.689295053482056,557,311,3.3541019662496847,84.63301725642303
44.735288858413696,556,314,1.5811388300841898,34.377213027584794
44.81396985054016,556,318,2.0,25.41909991151837
44.84760499000549,555,315,1.5811388300841898,47.00854092529869
44.88978600502014,552,319,2.5,59.26836988469365
44.9363808631897,547,328,5.1478150704935,110.48032492686072
45.01310205459595,548,332,2.0615528128088303,26.87070905732687
45.058513879776,548,344,6.0,132.12417638380646
45.097179889678955,548,346,1.0,25.86250824716205
45.139670848846436,551,356,5.220153254455275,122.85326941855448
45.180499792099,565,351,7.433034373659253,182.05306778770387
45.21580100059509,559,348,3.3541019662496847,95.01380006921951
45.26145887374878,558,352,2.0615528128088303,45.15218669668532
45.30009698867798,555,354,1.8027756377319946,46.657960437133504
45.344610929489136,560,353,2.5495097567963922,57.274411349295065
45.37945008277893,555,360,4.301162633521313,123.45772578753252
45.42266273498535,554,359,0.7071067811865476,16.363420088375868
45.46778178215027,555,363,2.0615528128088303,45.691408448266664
45.51240086555481,556,361,1.118033988749895,25.057305158270225
45.58838081359863,559,361,1.5,19.742050878145367
45.62508273124695,559,362,0.5,13.623266358752494
45.67044973373413,559,369,3.5,77.14858395127258
45.71522402763367,564,367,2.692582403567252,60.136792097912846
45.75090980529785,563,367,0.5,14.011184083058854
45.792876958847046,564,366,0.7071067811865476,16.84905268492107
45.83041572570801,562,367,1.118033988749895,29.78345007684799
45.87566781044006,563,359,4.031128874149275,89.08161685849811
46.160202980041504,785,113,165.6804152578089,582.2844869753147
46.208138942718506,782,116,2.1213203435596424,44.25321251715218
46.28541088104248,780,120,2.23606797749979,28.937645748249867
46.32775807380676,777,123,2.1213203435596424,50.09352934839335
46.404796838760376,778,118,2.5495097567963922,33.09385551976992
46.45048499107361,777,122,2.0615528128088303,45.122262740569475
46.52781105041504,779,128,3.1622776601683795,40.89536809583748
46.57510685920715,778,127,0.7071067811865476,14.950728177513378
46.61372375488281,777,129,1.118033988749895,28.95193850226052
46.65021085739136,780,129,1.5,41.11041702060926
46.69605088233948,780,123,3.0,65.4449905600025
46.7402069568634,782,124,1.118033988749895,25.320049411187874
46.77391791343689,782,124,0.0,0.0
46.82202172279358,782,124,0.0,0.0
46.856093883514404,782,124,0.0,0.0
46.89821791648865,782,120,2.0,47.47883473604972
46.946579933166504,782,119,0.5,10.338692104809091
47.02577185630798,783,119,0.5,6.31377519531544
47.06622886657715,780,118,1.5811388300841898,39.081949446207105
47.10592579841614,781,119,0.7071067811865476,17.812630559323136
47.142589807510376,782,125,3.0413812651491097,82.95277413148635
47.19046688079834,783,124,0.7071067811865476,14.769214837622746
47.22570180892944,783,124,0.0,0.0
47.27401804924011,784,126,1.118033988749895,23.139921102325843
47.35176396369934,783,129,1.5811388300841898,20.337259405616354
47.388314723968506,781,129,1.0,27.359212028309578
47.433844804763794,784,127,1.8027756377319946,39.59526550891963
47.475409746170044,784,127,0.0,0.0
47.635907888412476,699,95,45.41200281863816,282.94410255567664
47.68120074272156,745,89,23.194827009486403,512.1078669761695
47.722227811813354,751,80,5.408326913195984,131.8233798542862
47.76183795928955,744,74,4.6097722286464435,116.378567674273
47.80084300041199,747,82,4.272001872658765,109.5243524868743
47.84777283668518,745,87,2.692582403567252,57.3746387669644
47.88315391540527,751,85,3.1622776601683795,89.37764970892577
47.926429748535156,755,90,3.2015621187164243,73.98036934627338
47.96682286262512,754,98,4.031128874149275,99.79742748159791
48.00587272644043,766,102,6.324555320336759,161.96100837251888
48.046496868133545,761,101,2.5495097567963922,62.758489177593376
48.09244990348816,758,101,1.5,32.6420221955889
48.127511978149414,759,103,1.118033988749895,31.887274200159386
48.172510862350464,759,96,3.5,77.77970636699358
48.21091079711914,744,99,7.648529270389178,199.1807881045716
48.25637865066528,744,106,3.5,76.97746269126299
48.292383909225464,743,99,3.5355339059327378,98.19493172152345
48.3388888835907,741,91,4.123105625617661,88.65945378737725
48.37837100028992,736,91,2.5,63.31980676328502
48.41659379005432,731,87,3.2015621187164243,83.76055590002852
48.458252906799316,726,88,2.5495097567963922,61.199323365459676
48.49975395202637,718,79,6.020797289396148,145.07579884931994
48.542937994003296,704,79,7.0,162.09691542398429
48.57980799674988,690,78,7.0178344238090995,190.33994849538425
48.65919089317322,664,71,13.46291201783626,169.5946182920827
48.70460891723633,653,79,6.800735254367722,149.7364844608343
48.746522665023804,653,82,1.5,35.787780362800696
48.787174701690674,650,89,3.8078865529319543,93.670252837178
48.834717750549316,659,94,5.1478150704935,108.27692363186986
48.91004991531372,642,97,8.631338250816034,114.57706383202843
48.994441986083984,631,77,11.412712210513327,135.23441368776912
49.07476282119751,639,95,9.848857801796104,122.61896664639677
49.11729192733765,638,98,1.5811388300841898,37.17780535697633
49.15623378753662,636,108,5.0990195135927845,130.93928968824784
49.194392919540405,633,110,1.8027756377319946,47.243622773002706
49.23539590835571,637,116,3.605551275463989,87.933864814214
49.27847981452942,641,119,2.5,58.02630777999745
49.324769020080566,639,117,1.4142135623730951,30.551692247352435
49.36154389381409,640,113,2.0615528128088303,56.058732594089456
49.40169072151184,639,110,1.5811388300841898,39.38390455125922
49.44271469116211,641,103,3.640054944640259,88.7299541139464
49.48588275909424,645,104,2.0615528128088303,47.756429962307124
49.52400493621826,649,104,2.0,52.46290088557562
49.56657886505127,655,101,3.3541019662496847,78.78300307697302
49.61083698272705,662,100,3.5355339059327378,79.88441650033026
49.64822697639465,673,98,5.5901699437494745,149.5097857850993
49.686911821365356,690,79,12.747548783981962,329.5230675898006
49.76696801185608,735,134,35.531676008879735,443.83420933572074
49.81923198699951,749,133,7.0178344238090995,134.27670598245618
49.89893293380737,783,134,17.00735135169495,213.38957732453719
49.9342257976532,796,133,6.519202405202649,184.71729677935465
49.9714789390564,816,137,10.198039027185569,273.749773658284
50.017350912094116,828,137,6.0,130.79882121194797
50.060067892074585,840,140,6.18465843842649,144.78220232924397
50.099355697631836,853,143,6.670832032063167,169.79395864557253
50.140981912612915,869,144,8.0156097709407,192.56158107539054
50.17638874053955,875,144,3.0,84.72942016201256
50.226863861083984,886,144,5.5,108.96457384699681
50.26010990142822,897,148,5.852349955359813,176.03148810393768
50.30559301376343,904,148,3.5,76.95163809823347
50.344862937927246,912,148,4.0,101.85912209337624
50.390056848526,919,149,3.5355339059327378,78.23031596717243
50.47105097770691,933,155,7.615773105863909,94.02870532570755
50.50512981414795,940,155,3.5,102.70303700231571
50.550222873687744,944,157,2.23606797749979,49.58785232850401
50.592477798461914,947,158,1.5811388300841898,37.419042597627026
50.63147592544556,949,155,1.8027756377319946,46.22723646415513
50.676538705825806,956,158,3.8078865529319543,84.50181104672689
50.712602853775024,954,159,1.118033988749895,31.001258932393956
50.75820994377136,960,160,3.0413812651491097,66.68658897976879
50.791292905807495,964,162,2.23606797749979,67.58971506413432
50.9994637966156,724,340,149.40214188558343,717.6898811626079
51.04475688934326,729,356,8.381527307120106,185.0508941289714
51.0867817401886,730,357,0.7071067811865476,16.825920067840247
51.1273398399353,731,357,0.5,12.327993745333984
51.20395588874817,728,359,1.8027756377319946,23.530000119625754
51.248353004455566,722,369,5.830951894845301,131.3362771868927
51.284132957458496,717,377,4.716990566028302,131.8333359924221
51.41529178619385,738,331,25.283393759541063,192.76928593619232
51.53298282623291,709,317,16.101242188104617,136.80941372223833
51.611493825912476,699,359,21.587033144922902,274.95552512422665
51.699383020401,679,333,16.401219466856727,186.61246769075842
51.82067608833313,679,345,6.0,49.46696544403821
51.90809392929077,667,347,6.082762530298219,69.58262139241837
51.98750877380371,648,373,16.101242188104617,202.74851996318097
52.06691384315491,612,387,19.313207915827967,243.22386559992344
52.1089928150177,600,380,6.946221994724902,165.0758487487401
52.14714479446411,575,376,12.658988901172163,331.80424934316125
52.19091296195984,571,373,2.5,57.11913801837921
52.22617483139038,562,373,4.5,127.6166032224694
52.27011704444885,554,373,4.0,91.02864242812264
52.31360483169556,543,378,6.041522986797286,138.92458939159218
52.35274291038513,527,384,8.54400374531753,218.30411791760508
52.395482778549194,514,396,8.845903006477066,206.97076024008604
52.44405388832092,507,401,4.301162633521313,88.55392956297787
52.52039384841919,508,397,2.0615528128088303,27.004897699123116
52.559664726257324,498,400,5.220153254455275,132.9268287806427
52.59542894363403,486,368,17.08800749063506,477.7962092849659
52.72999906539917,699,136,157.4746011266579,1170.204790343402
52.80513286590576,698,135,0.7071067811865476,9.411300591995346
52.84910297393799,698,135,0.0,0.0
52.88425087928772,700,132,1.8027756377319946,51.29112588058591
52.92719793319702,701,135,1.5811388300841898,36.816002173823996
52.96718096733093,701,138,1.5,37.51591224858528
53.00591468811035,702,138,0.5,12.908648844953557
53.052873849868774,705,137,1.5811388300841898,33.6705079664372
53.09363389015198,710,134,2.9154759474226504,71.52779848022118
53.13613200187683,715,135,2.5495097567963922,59.991130271922216
53.16917395591736,720,140,3.5355339059327378,107.0013565661479
53.21824884414673,725,144,3.2015621187164243,65.23829669774709
53.25335383415222,729,143,2.0615528128088303,58.72534965787605
53.29714870452881,737,143,4.0,91.33489757143869
53.34214806556702,746,144,4.527692569068709,100.61681909714986
53.42228293418884,770,145,12.010412149464313,149.87747975408874
53.457642793655396,780,144,5.024937810560445,142.10853454645618
53.50290775299072,795,144,7.5,165.69108003476336
53.54245972633362,806,144,5.5,139.05753708715858
53.58272886276245,816,145,5.024937810560445,124.7838482814484
53.62094473838806,825,146,4.527692569068709,118.47674546110564
53.67220187187195,838,146,6.5,126.81161739259866
53.7105016708374,849,146,5.5,143.60388692799472
53.79046297073364,870,150,10.688779163215974,133.67440470685193
53.825294971466064,880,151,5.024937810560445,144.26210682417667
53.872636795043945,890,151,5.0,105.61485853570098
53.91031074523926,893,150,1.5811388300841898,41.96902161538982
53.953038930892944,908,155,7.905694150420948,185.02293110446774
53.98900771141052,916,155,4.0,111.20755117191642
54.035135984420776,924,154,4.031128874149275,87.38954682420454
54.07519888877869,930,159,3.905124837953327,97.4748311571746
54.11653685569763,934,162,2.5,60.47709131177041
54.15769386291504,935,163,0.7071067811865476,17.18071426941556
54.197165966033936,943,163,4.0,101.33739233380447
54.23915100097656,946,165,1.8027756377319946,42.9385289352625
54.28225564956665,949,164,1.5811388300841898,36.68139938038562
54.319464921951294,955,163,3.0413812651491097,81.73718727174848
54.36264491081238,957,165,1.4142135623730951,32.751596275830835
54.40180778503418,957,163,1.0,25.53438734696611
54.44390082359314,956,160,1.5811388300841898,37.562953025343596
54.488032817840576,954,158,1.4142135623730951,32.04508625746597
54.52396273612976,955,156,1.118033988749895,31.11707574037093
54.56662082672119,955,157,0.5,11.721105962966895
54.61121201515198,952,155,1.8027756377319946,40.42896592743294
54.69060492515564,773,48,104.27128080157067,1313.3575881871695
54.77439308166504,799,53,13.238202294873727,157.99610406022785
54.80915284156799,809,62,6.726812023536855,193.52297145657695
54.85518193244934,819,71,6.726812023536855,146.14262186661517
54.89239978790283,811,74,4.272001872658765,114.78366554454526
54.937413692474365,807,75,2.0615528128088303,45.79813354188689
54.97473669052124,810,78,2.1213203435596424,56.83681522302728
55.01900005340576,800,99,11.629703349613008,262.73881132695897
55.060123682022095,801,100,0.7071067811865476,17.194659250125294
55.10096287727356,778,91,12.349089035228468,302.3832609626539
55.13989281654358,781,87,2.5,64.21792704735307
55.184452056884766,784,99,6.18465843842649,138.79631679245557
55.22539472579956,781,96,2.1213203435596424,51.81197024488768
55.26046371459961,778,93,2.1213203435596424,60.48992047232023
55.305694818496704,778,111,9.0,198.97811958062968
55.34455180168152,785,105,4.6097722286464435,118.63433161347355
55.38893675804138,783,112,3.640054944640259,82.01100650246244
55.42591691017151,776,130,9.656603957913983,261.12937350646945
55.475831031799316,754,145,13.313526955694348,266.72866358279776
55.51468896865845,755,137,4.031128874149275,103.74016738879017
55.592636823654175,741,155,11.40175425099138,146.27412456207205
55.63244676589966,727,150,7.433034373659253,186.71301575431352
55.67484378814697,727,165,7.5,176.89921608763623
55.71960997581482,723,166,2.0615528128088303,46.05156079193093
55.75723576545715,719,160,3.605551275463989,95.8265941987638
55.796703815460205,713,149,6.264982043070834,158.73553526425582
55.83612585067749,709,184,17.613914953808536,446.8037953069826
55.88275384902954,714,176,4.716990566028302,101.16219294712316
55.918457984924316,717,174,1.8027756377319946,50.492067446891944
55.964027881622314,705,192,10.816653826391969,237.3640190162459
55.99970889091492,694,194,5.5901699437494745,156.6707347851968
56.045849084854126,699,186,4.716990566028302,102.23170219533691
56.086251974105835,702,183,2.1213203435596424,52.50417440059472
56.122578859329224,694,181,4.123105625617661,113.50011431651849
56.167038917541504,682,191,7.810249675906654,175.66890350470553
56.207966804504395,681,219,14.0089257261219,342.28314153681606
56.25248885154724,687,207,6.708203932499369,150.67150722076178
56.28829574584961,700,210,6.670832032063167,186.30021290681938
56.33006477355957,701,211,0.7071067811865476,16.928973930075923
56.37020993232727,711,213,5.0990195135927845,127.0145559293523
56.41683888435364,714,250,18.560711193270585,398.0512189674581
56.49312686920166,717,270,10.111874208078342,132.54871298832666
56.536969900131226,723,276,4.242640687119285,96.76887288963117
56.57246780395508,723,280,2.0,56.34135496913808
56.62018871307373,720,260,10.111874208078342,211.89609323947232
56.65571093559265,732,170,45.39823785126467,1278.0235760046635
56.74088788032532,850,-3,104.70553949051597,1229.2708997621583
56.82352876663208,851,-3,0.5,6.050273930315821
56.86734580993652,853,2,2.692582403567252,61.45057266550445
56.911120891571045,853,8,3.0,68.53213947256626
56.990532636642456,861,26,9.848857801796104,124.0226844648673
57.023926973342896,870,30,4.924428900898052,147.46299485065828
57.07435989379883,866,38,4.47213595499958,88.67493523218137
57.14978504180908,866,51,6.5,86.17815372554969
57.192434787750244,864,66,7.566372975210778,177.40722267487936
57.23239278793335,864,76,5.0,125.13138738394711
57.27674174308777,869,78,2.692582403567252,60.713547685439934
57.31158900260925,879,71,6.103277807866851,175.14369542041027
57.394943952560425,718,92,81.18189453320241,973.9300975017991
57.6024329662323,523,147,101.30399794677405,488.23788861889864
57.77080798149109,526,126,10.606601717798213,62.99391689138722
57.84790897369385,533,132,4.6097722286464435,59.788753645656705
57.89009666442871,524,136,4.924428900898052,116.7266758412206
57.92773175239563,524,138,1.0,26.570948920831405
58.01319074630737,514,135,5.220153254455275,61.0837199867615
58.10188388824463,511,134,1.5811388300841898,17.82706977730853
59.24184274673462,661,131,37.566607512523674,319.95843729748606
60.30360174179077,725,175,38.8329756778952,36.57419043183286
60.35528373718262,726,194,9.513148795220223,184.07084949203008
60.4309458732605,731,203,5.1478150704935,68.03687203854157
60.469236850738525,741,212,6.726812023536855,175.6761635922438
60.51314187049866,751,227,9.013878188659973,205.30404582222894
60.55320191383362,758,238,6.519202405202649,162.73578015611514
60.59491991996765,772,228,8.602325267042627,206.20173551451015
60.7612669467926,800,220,14.560219778561036,87.52918556147635
61.0878529548645,1004,202,102.39628899525607,313.5354438476527
61.373411893844604,736,535,213.72470610577523,748.4434102084521
61.45513391494751,735,570,17.507141400011598,214.2279542739944
61.49634385108948,732,621,25.544079548889602,619.8524419181464
61.5330867767334,727,645,12.257650672131263,333.6057338199275
61.57882285118103,725,688,21.523243250030884,470.59664630105425
61.624703884124756,722,686,1.8027756377319946,39.29239430906342
61.704723834991455,712,699,8.200609733428363,102.48206409285733
61.73840570449829,702,693,5.830951894845301,173.1184159377458
61.78439283370972,693,700,5.70087712549569,123.96679730291301
61.827401876449585,693,701,0.5,11.625462185339785
61.861087799072266,686,720,10.124228365658293,300.547753406097
61.906683683395386,653,777,32.931747600150224,722.2526350574949
61.94794988632202,662,849,36.28015986734347,879.1736892256212
61.99323892593384,667,831,9.340770846134703,206.2479338532406
62.027360916137695,677,843,7.810249675906654,228.8919734530526
62.07478070259094,682,835,4.716990566028302,99.47304530101496
62.15728688240051,681,864,14.508618128546908,175.8488656490187
62.239967823028564,682,891,13.509256086106296,163.39020799096852
62.31463289260864,681,880,5.522680508593631,73.96605319801608
62.35923886299133,681,885,2.5,56.046309015398926
62.40275192260742,679,874,5.5901699437494745,128.47108415429653
62.4803409576416,683,876,2.23606797749979,28.81938119883502
62.52016305923462,683,878,1.0,25.11168321099709
62.567667961120605,684,890,6.020797289396148,126.74054782486033
62.64397382736206,683,884,3.0413812651491097,39.857764742821345
62.69013595581055,683,881,1.5,32.49416893057464
62.76929688453674,683,865,8.0,101.05995632858972
62.80533790588379,683,861,2.0,55.4923230599271
62.850101947784424,683,864,1.5,33.509038422616825
62.8878231048584,683,900,18.0,477.18578634002046
62.9294638633728,684,892,4.031128874149275,96.80728733014874
62.97516202926636,684,889,1.5,32.82407446053675
0.23647594451904297,960,530,3.0,45.238027100582784
0.30243611335754395,959,528,1.118033988749895,16.950138370435734
0.3678579330444336,959,526,1.0,15.28542013637076
0.4296560287475586,958,524,1.118033988749895,18.0917223423983
0.49791693687438965,958,522,1.0,14.64967325283699
0.5660090446472168,957,521,0.7071067811865476,10.384562973812448
0.6326258182525635,957,521,0.0,0.0
0.6991848945617676,957,521,0.0,0.0
0.765516996383667,957,519,1.0,15.075656771512884
0.8301479816436768,957,519,0.0,0.0
0.89864182472229,956,518,0.7071067811865476,10.323654644038168
0.9670419692993164,956,518,0.0,0.0
1.0369110107421875,956,518,0.0,0.0
1.1049621105194092,956,518,0.0,0.0
1.1702678203582764,956,518,0.0,0.0
1.2351770401000977,956,518,0.0,0.0
1.2995960712432861,956,518,0.0,0.0
1.3636589050292969,956,518,0.0,0.0
1.4323198795318604,956,518,0.0,0.0
1.4958148002624512,956,518,0.0,0.0
1.560366153717041,956,518,0.0,0.0
1.6285040378570557,956,518,0.0,0.0
1.6932849884033203,956,518,0.0,0.0
1.7617342472076416,956,518,0.0,0.0
1.8258910179138184,956,521,1.5,23.38022914011141
1.8940768241882324,956,521,0.0,0.0
1.962528944015503,956,517,2.0,29.217502760275714
2.028987169265747,957,517,0.5,7.52352320750791
2.096440076828003,958,516,0.7071067811865476,10.482969626385954
2.161245822906494,959,515,0.7071067811865476,10.911174146967095
2.2254981994628906,959,515,0.0,0.0
2.29305100440979,960,514,0.7071067811865476,10.467467364861847
2.358686923980713,960,514,0.0,0.0
2.425122022628784,960,514,0.0,0.0
2.492861032485962,960,512,1.0,14.762542323963986
2.557363986968994,960,508,2.0,31.006331663863683
2.622657060623169,960,506,1.0,15.315560197035701
2.690845012664795,960,503,1.5,21.99802098594061
2.7579851150512695,960,502,0.5,7.447114052967621
2.8258721828460693,960,502,0.0,0.0
2.8941850662231445,960,503,0.5,7.319263589564611
2.958872079849243,960,503,0.0,0.0
3.0239181518554688,960,503,0.0,0.0
3.090872049331665,960,503,0.0,0.0
3.156898021697998,960,503,0.0,0.0
3.2207632064819336,960,504,0.5,7.828991675066264
3.2866098880767822,960,504,0.0,0.0
3.3518149852752686,961,505,0.7071067811865476,10.844348242194819
3.4200167655944824,962,505,0.5,7.331186922977428
3.486402988433838,963,505,0.5,7.5316832109867695
3.5494678020477295,967,506,2.0615528128088303,32.689430043042606
3.6174941062927246,971,506,2.0,29.40039183662025
3.685420036315918,977,506,3.0,44.165755242153445
3.753067970275879,983,505,3.0413812651491097,44.95896751184189
3.821964979171753,986,505,1.5,21.77162730339995
3.8861491680145264,987,505,0.5,7.790080532525036
3.952220916748047,988,506,0.7071067811865476,10.70210482907663
4.018218994140625,989,507,0.7071067811865476,10.714051213650444
4.084262132644653,989,507,0.0,0.0
4.148658990859985,989,505,1.0,15.52870788596816
4.213109970092773,989,503,1.0,15.515668061273939
4.28084921836853,989,498,2.5,36.906225912381785
4.34749698638916,988,496,1.118033988749895,16.775265278258427
4.415571928024292,988,496,0.0,0.0
4.481527090072632,988,496,0.0,0.0
4.549702167510986,986,498,1.4142135623730951,20.74384973969205
4.6092588901519775,983,500,1.8027756377319946,30.26989326795486
4.6735029220581055,978,502,2.692582403567252,41.91179046018778
4.739886045455933,975,504,1.8027756377319946,27.157137920855995
4.809674978256226,973,504,1.0,14.328919498763307
4.875229835510254,970,506,1.8027756377319946,27.500260289579302
4.941882133483887,966,506,2.0,30.006467305766204
5.007408142089844,961,507,2.5495097567963922,38.908363427535456
5.073760032653809,956,509,2.692582403567252,40.5803418814651
5.141851186752319,951,510,2.5495097567963922,37.44259868334577
5.21004319190979,946,510,2.5,36.66118915592725
5.273701190948486,942,511,2.0615528128088303,32.38481956612645
5.33907413482666,939,510,1.5811388300841898,24.18644069373304
5.4045820236206055,941,510,1.0,15.265337021400494
5.471218824386597,941,508,1.0,15.006722839406788
5.537589073181152,942,504,2.0615528128088303,31.061399501306962
5.603047847747803,943,502,1.118033988749895,17.07997126667118
5.666413068771362,943,500,1.0,15.781527845191198
5.735281944274902,943,500,0.0,0.0
5.802842140197754,944,500,0.5,7.400807430620254
5.868962049484253,944,500,0.0,0.0
5.931878089904785,945,501,0.7071067811865476,11.23889514438973
5.996153116226196,946,502,0.7071067811865476,11.0012678586955
6.062704086303711,949,504,1.8027756377319946,27.088645524358665
6.127173185348511,950,506,1.118033988749895,17.34216865622659
6.1938722133636475,953,508,1.8027756377319946,27.028514378393513
6.2611000537872314,957,508,2.0,29.74957974848745
6.322293043136597,962,507,2.5495097567963922,41.66342883235592
6.389528036117554,965,507,1.5,22.309811208351654
6.450314998626709,967,507,1.0,16.450896026419933
6.515549898147583,968,507,0.5,7.664609030937632
6.578485012054443,969,506,0.7071067811865476,11.235489018626662
6.642734050750732,970,506,0.5,7.7822176042749
6.709223985671997,971,506,0.5,7.5199351690159535
6.774260997772217,971,507,0.5,7.687930054805066
6.847119092941284,971,507,0.0,0.0
6.914647102355957,971,508,0.5,7.404334946845883
6.980923891067505,972,510,1.118033988749895,16.86916355612583
7.04634690284729,972,511,0.5,7.642570808005714
7.108843088150024,971,513,1.118033988749895,17.88963571670954
7.174386978149414,970,513,0.5,7.6284761250004545
7.251532077789307,969,514,0.7071067811865476,9.165932567165871
7.31664514541626,969,515,0.5,7.678950143535063
7.383224964141846,969,515,0.0,0.0
7.4510369300842285,969,517,1.0,14.746659916181475
7.515902996063232,969,517,0.0,0.0
7.577424049377441,971,517,1.0,16.254598159960935
7.642775058746338,976,517,2.5,38.25495618419421
7.707312107086182,978,518,1.118033988749895,17.323909560636746
7.751950979232788,978,518,0.0,0.0
7.8167290687561035,981,518,1.5,23.15597775479483
7.881592035293579,983,518,1.0,15.417117862196982
7.9451799392700195,984,517,0.7071067811865476,11.120146080747267
8.012526035308838,984,518,0.5,7.424335327645414
8.078689098358154,985,519,0.7071067811865476,10.687334421918868
8.140806913375854,986,520,0.7071067811865476,11.383317024030234
8.20599913597107,987,526,3.0413812651491097,46.6525168812445
8.275424003601074,988,527,0.7071067811865476,10.185208921895612
8.347355842590332,987,527,0.5,6.9510248455439765
8.412930965423584,987,527,0.0,0.0
8.478837013244629,986,527,0.5,7.586557175415114
8.543152093887329,986,526,0.5,7.774226433419708
8.608206033706665,985,522,2.0615528128088303,31.689899467027765
8.684006929397583,985,520,1.0,13.19245624850597
8.749292135238647,984,520,0.5,7.658702971960296
8.814805030822754,983,521,0.7071067811865476,10.793398381830844
8.879859924316406,982,521,0.5,7.685816902440812
8.944799900054932,982,521,0.0,0.0
9.009567975997925,982,521,0.0,0.0
9.081058979034424,984,522,1.118033988749895,15.638806860481363
9.145434141159058,986,521,1.118033988749895,17.367474532884604
9.21293306350708,991,522,2.5495097567963922,37.77111793950124
9.27922511100769,998,523,3.5355339059327378,53.33270036500511
9.341404914855957,1006,527,4.47213595499958,71.92264494614115
9.420750141143799,1013,527,3.5,44.11103432111972
9.484351873397827,1018,527,2.5,39.30710550484509
9.549515962600708,1023,527,2.5,38.364688750832364
9.614305973052979,1025,526,1.118033988749895,17.256271158862184
9.680119037628174,1027,526,1.0,15.194551514273293
9.744270086288452,1030,525,1.5811388300841898,24.647123673026016
9.811174154281616,1030,527,1.0,14.946774239530177
9.876422882080078,1030,526,0.5,7.662984656871521
9.947206020355225,1029,526,0.5,7.063829213907021
10.020214080810547,1028,526,0.5,6.848558869824766
10.086235046386719,1028,526,0.0,0.0
10.15052318572998,1028,526,0.0,0.0
10.214920997619629,1027,526,0.5,7.764238959808074
10.282243967056274,1027,527,0.5,7.426885714993998
10.344313144683838,1027,527,0.0,0.0
10.408934831619263,1027,527,0.0,0.0
10.472693920135498,1027,527,0.0,0.0
10.540798902511597,1027,528,0.5,7.3416067746531635
10.608608961105347,1026,527,0.7071067811865476,10.427756528317188
10.674991130828857,1026,528,0.5,7.532143075204631
10.751478910446167,1027,527,0.7071067811865476,9.244702679622899
10.818588972091675,1026,527,0.5,7.450447633934916
10.886261940002441,1026,527,0.0,0.0
10.947564125061035,1025,527,0.5,8.156316116988176
11.012810945510864,1024,527,0.5,7.663208667531471
11.078011989593506,1022,527,1.0,15.337177710413824
11.142396926879883,1019,527,1.5,23.29737456026662
11.209897994995117,1018,527,0.5,7.40729019497033
11.275110960006714,1017,527,0.5,7.66718703728754
11.347759008407593,1016,526,0.7071067811865476,9.733321083653403
11.412925004959106,1016,525,0.5,7.672713170353351
11.477488994598389,1016,523,1.0,15.488510012887692
11.545581102371216,1016,520,1.5,22.028984695324564
11.61727523803711,1017,519,0.7071067811865476,9.86282594272119
11.682910919189453,1019,518,1.118033988749895,17.033935949485787
11.74571704864502,1019,515,1.5,23.883019269022274
11.82086706161499,1019,510,2.5,33.266793992423906
11.883969068527222,1019,505,2.5,39.61839127362857
11.948224067687988,1020,503,1.118033988749895,17.399953363201572
12.014219999313354,1020,503,0.0,0.0
12.077500820159912,1020,504,0.5,7.901288151940894
12.143298149108887,1020,503,0.5,7.599092668149898
12.211540937423706,1020,503,0.0,0.0
12.27736496925354,1020,503,0.0,0.0
12.343904972076416,1022,502,1.118033988749895,16.802433743894024
12.413315057754517,1024,503,1.118033988749895,16.107658963784324
12.480191946029663,1027,504,1.5811388300841898,23.642529891328536
12.547477960586548,1033,504,3.0,44.585788291320895
12.61371397972107,1038,504,2.5,37.743814206627455
12.678256034851074,1044,504,3.0,46.48132127118049
12.744774103164673,1055,503,5.522680508593631,83.025268902233
12.814200162887573,1063,504,4.031128874149275,58.06362755194063
12.879402875900269,1072,506,4.6097722286464435,70.69908621361962
12.945481061935425,1082,512,5.830951894845301,88.24321980847053
13.011910200119019,1088,527,8.077747210701755,121.59945818319748
13.076392889022827,1095,530,3.8078865529319543,59.052849961209446
13.15177297592163,1101,537,4.6097722286464435,61.153713378375016
13.215594053268433,1106,538,2.5495097567963922,39.94777059218909
13.28090214729309,1109,540,1.8027756377319946,27.6041685897513
13.343396186828613,1112,539,1.5811388300841898,25.30063413784364
13.410958051681519,1114,539,1.0,14.801249228054697
13.482234001159668,1115,538,0.7071067811865476,9.92069255286905
13.545361995697021,1115,541,1.5,23.76124904637092
13.609211921691895,1114,541,0.5,7.830862639373278
13.674540996551514,1112,541,1.0,15.30712017809569
13.74323296546936,1109,539,1.8027756377319946,26.244343642093803
13.816663026809692,1100,525,8.32165848854662,113.3276799263122
13.879126071929932,1087,519,7.158910531638177,114.6103350846491
13.9444899559021,1073,516,7.158910531638177,109.52394650670469
14.012314081192017,1057,509,8.73212459828649,128.74658627679557
14.085220098495483,1045,508,6.020797289396148,82.58299536970935
14.14848518371582,1032,509,6.519202405202649,103.04581717542705
14.211516857147217,1021,508,5.522680508593631,87.61754540127357
14.276155233383179,1008,507,6.519202405202649,100.8565311325945
14.320415019989014,1005,510,2.1213203435596424,47.92884255072254
14.388368129730225,996,513,4.743416490252569,69.80425926520725
14.450737953186035,990,515,3.1622776601683795,50.702046036876716
14.515608072280884,985,520,3.5355339059327378,54.50173292827354
14.581363916397095,983,521,1.118033988749895,17.002807944705
14.64535903930664,988,521,2.5,39.06547696663748
14.710790872573853,991,520,1.5811388300841898,24.164672623906185
14.776601076126099,993,520,1.0,15.19521207993392
14.841838121414185,996,518,1.8027756377319946,27.634231896477853
14.919703960418701,1004,518,4.0,51.37040904122256
14.983535051345825,1019,519,7.516648189186454,117.75841647087331
15.048826217651367,1032,517,6.576473218982953,100.72531386875737
15.112136840820312,1046,515,7.0710678118654755,111.68848856527961
15.154296159744263,1054,515,4.0,94.87819305656878
15.220679998397827,1069,517,7.566372975210778,113.97914204234564
15.288259029388428,1091,517,11.0,162.7723842552576
15.350223064422607,1110,520,9.617692030835672,155.21410162411956
15.413239002227783,1128,520,9.0,142.82101184981158
15.479669094085693,1139,520,5.5,82.79380392494653
15.543020009994507,1146,517,3.8078865529319543,60.10783740542882
15.609208106994629,1149,516,1.5811388300841898,23.888567608784307
15.67383599281311,1152,514,1.8027756377319946,27.894702339411204
15.741277933120728,1148,514,2.0,29.655137305919286
15.80985403060913,1142,514,3.0,43.747021336513356
15.877595901489258,1140,518,2.23606797749979,33.00865400450244
15.94385313987732,1118,520,11.045361017187261,166.70421656417022
15.986162900924683,1103,522,7.566372975210778,178.8327985766847
16.05119299888611,1078,527,12.747548783981962,196.02536646251843
16.118558883666992,1060,529,9.055385138137417,134.4209337944751
16.17923402786255,1054,532,3.3541019662496847,55.27967029529222
16.24394202232361,1054,532,0.0,0.0
16.308486938476562,1057,532,1.5,23.239630468268068
16.378478050231934,1061,533,2.0615528128088303,29.454494450870435
16.443969011306763,1063,535,1.4142135623730951,21.594026704803333
16.508530855178833,1065,537,1.4142135623730951,21.904788921074932
16.573791980743408,1066,538,0.7071067811865476,10.835038088438619
16.640942096710205,1067,538,0.5,7.44600352212691
16.7121798992157,1068,539,0.7071067811865476,9.926004962491964
16.776937007904053,1068,547,4.0,61.7692803310617
16.845468997955322,1065,562,7.648529270389178,111.60524106577424
16.909780025482178,1064,574,6.020797289396148,93.61998277638993
16.974531173706055,1064,594,10.0,154.43741577253613
17.042766094207764,1062,612,9.055385138137417,132.70895710812206
17.108761072158813,1063,629,8.514693182963201,129.02032014131092
17.17306113243103,1064,647,9.013878188659973,140.1845993689488
17.244388103485107,1064,662,7.5,105.14956529296346
17.31489610671997,1064,681,9.5,134.7364776216304
17.37889313697815,1064,699,9.0,140.631525614422
17.444211959838867,1063,714,7.516648189186454,115.0762959279676
17.509977102279663,1062,728,7.0178344238090995,106.71054852693129
17.57618498802185,1060,745,8.558621384311845,129.26891243195692
17.64697289466858,1056,757,6.324555320336759,89.34513845563832
17.711493015289307,1053,771,7.158910531638177,110.95624841932373
17.777395963668823,1052,778,3.5355339059327378,53.64758319419322
17.84403896331787,1052,779,0.5,7.502663485033325
17.91113018989563,1051,776,1.5811388300841898,23.566998410017867
17.980902194976807,1052,764,6.020797289396148,86.2924504232207
18.044939041137695,1051,750,7.0178344238090995,109.59056925097808
18.109199047088623,1054,728,11.10180165558726,172.76378194028132
18.17896604537964,1055,692,18.006943105369107,258.10115880659845
18.24493098258972,1057,659,16.53027525481654,250.591843999964
18.309797048568726,1056,624,17.507141400011598,269.89676552418604
18.373078107833862,1054,596,14.035668847618199,221.7988922848331
18.445010900497437,1053,575,10.51189802081432,146.13499117124366
18.48658800125122,1053,557,9.0,216.46530991415645
18.55019211769104,1054,543,7.0178344238090995,110.33616716379046
18.614197969436646,1056,534,4.6097722286464435,72.02110592900505
18.68018412590027,1058,536,1.4142135623730951,21.431973586046418
18.74400782585144,1062,534,2.23606797749979,35.035072852411986
18.809080123901367,1064,535,1.118033988749895,17.18141240212667
18.87623405456543,1066,536,1.118033988749895,16.648824241470827
18.943639039993286,1068,534,1.4142135623730951,20.980845161471446
19.010786056518555,1068,534,0.0,0.0
19.084432125091553,1068,536,1.0,13.578457334878632
19.149090051651,1068,537,0.5,7.733003927063552
19.214823007583618,1068,537,0.0,0.0
19.277435779571533,1068,538,0.5,7.98559118411984
19.346585988998413,1067,538,0.5,7.230636091257322
19.408069133758545,1067,538,0.0,0.0
19.474880933761597,1067,539,0.5,7.483707967412366
19.545202016830444,1067,539,0.0,0.0
19.613502979278564,1067,540,0.5,7.32054105942927
19.678497076034546,1071,542,2.23606797749979,34.40417036481091
19.743541955947876,1082,542,5.5,84.55700137087729
19.814066886901855,1099,544,8.558621384311845,121.35596970519133
19.877804040908813,1123,545,12.010412149464313,188.43659301375726
19.943920850753784,1140,544,8.514693182963201,128.78257742514006
20.010051012039185,1152,541,6.18465843842649,93.52250649647036
20.077958822250366,1165,537,6.800735254367722,100.14658451242356
20.150992155075073,1170,537,2.5,34.23094501247046
20.214348077774048,1175,534,2.9154759474226504,46.01741752345809
20.283987998962402,1179,530,2.8284271247461903,40.615024780056366
20.349115133285522,1179,529,0.5,7.677291580484912
20.412508964538574,1181,529,1.0,15.774405493939291
20.476827144622803,1175,530,3.0413812651491097,47.28649444319224
20.545786142349243,1174,530,0.5,7.250685428803568
20.611054182052612,1164,531,5.024937810560445,76.98925589611446
20.67847490310669,1146,531,9.0,133.49011786422804
20.752410173416138,1126,531,10.0,135.25344477873767
20.816711902618408,1112,528,7.158910531638177,111.33309508860602
20.880983114242554,1104,526,4.123105625617661,64.15167104254007
20.945899963378906,1099,522,3.2015621187164243,49.31789144589881
21.018921852111816,1094,520,2.692582403567252,36.87363406082011
21.085279941558838,1088,520,3.0,45.20925820800069
21.149659156799316,1081,517,3.8078865529319543,59.147762809909814
21.213769912719727,1073,516,4.031128874149275,62.87757516310821
21.27886414527893,1070,515,1.5811388300841898,24.28999878977177
21.346094131469727,1067,510,2.9154759474226504,43.36570796175164
21.409475088119507,1068,509,0.7071067811865476,11.156454849581367
21.480940103530884,1067,507,1.118033988749895,15.64449377522849
21.54596185684204,1068,506,0.7071067811865476,10.874926392752524
21.611499071121216,1069,507,0.7071067811865476,10.78939330827247
21.6764919757843,1073,505,2.23606797749979,34.404801402418485
21.743824005126953,1081,506,4.031128874149275,59.869410049041285
21.810987949371338,1085,506,2.0,29.777881905248734
21.87514901161194,1086,507,0.7071067811865476,11.020808516775089
21.95180106163025,1093,507,3.5,45.66087924802956
22.015756130218506,1097,508,2.0615528128088303,32.23439296236427
22.07977604866028,1110,507,6.519202405202649,101.83084521002645
22.144917964935303,1117,507,3.5,53.728846189038336
22.188425064086914,1119,508,1.118033988749895,25.697736933777794
22.25515913963318,1119,505,1.5,22.477272483681848
22.319488048553467,1105,503,7.0710678118654755,109.92053076210964
22.38629388809204,1106,498,2.5495097567963922,38.16297758408208
22.45281410217285,1108,495,1.8027756377319946,27.101170112620718
22.517093181610107,1104,493,2.23606797749979,34.78686995949377
22.5813570022583,1096,494,4.031128874149275,62.72781221983883
22.645142078399658,1085,501,6.519202405202649,102.20576347287108
22.710768938064575,1077,505,4.47213595499958,68.14490252670596
22.77757501602173,1072,506,2.5495097567963922,38.16284138744896
22.84317684173584,1065,506,3.5,53.35217369182349
22.91146206855774,1061,508,2.23606797749979,32.74599912118431
22.977941036224365,1053,508,4.0,60.16940606025829
23.02185297012329,1045,508,4.0,91.09141057660983
23.08561110496521,1033,507,6.020797289396148,94.43182904148672
23.15368914604187,1034,507,0.5,7.344512152412972
23.217862844467163,1038,506,2.0615528128088303,32.12457538517531
23.283689975738525,1041,501,2.9154759474226504,44.28988307881815
23.345189094543457,1044,501,1.5,24.39059338000977
23.412079095840454,1047,500,1.5811388300841898,23.637895042994604
23.489638805389404,1042,500,2.5,32.233230559252895
23.553574800491333,1046,499,2.0615528128088303,32.24400917702524
23.616533041000366,1049,499,1.5,23.825316398173182
23.680097103118896,1053,499,2.0,31.46432014163169
23.746579885482788,1070,498,8.514693182963201,128.07365877616664
23.811366081237793,1067,496,1.8027756377319946,27.82653953859802
23.88302206993103,1072,497,2.5495097567963922,35.57985596585604
23.949996948242188,1087,497,7.5,111.98228633064329
24.021958827972412,1089,501,2.23606797749979,31.07295120531186
24.087856769561768,1093,501,2.0,30.349961649227918
24.153637170791626,1097,502,2.0615528128088303,31.339924571227307
24.21693992614746,1099,506,2.23606797749979,35.32339097927874
24.284682989120483,1099,505,0.5,7.380829535256129
24.36017608642578,1105,504,3.0413812651491097,40.286878849990906
24.421611070632935,1108,498,3.3541019662496847,54.59596042118201
24.485958099365234,1106,498,1.0,15.54073311077435
24.548779010772705,1103,495,2.1213203435596424,33.76774223793534
24.61311411857605,1099,495,2.0,31.087225440166616
24.6784930229187,1098,497,1.118033988749895,17.10083703590794
24.74736213684082,1095,508,5.70087712549569,82.7784299931976
24.818583965301514,1092,509,1.5811388300841898,22.20019991422721
24.88234281539917,1080,511,6.082762530298219,95.40263855106475
24.947349071502686,1075,512,2.5495097567963922,39.219452243743525
25.014225244522095,1069,512,3.0,44.859026235387645
25.077915906906128,1058,506,6.264982043070834,98.36578563581433
25.159612894058228,1049,505,4.527692569068709,55.420557439153335
25.223510026931763,1043,507,3.1622776601683795,49.49013387544542
25.296941995620728,1043,508,0.5,6.809023493811608
25.36015009880066,1039,508,2.0,31.64151270774082
25.42359185218811,1032,505,3.8078865529319543,60.0217735105215
25.48905110359192,1028,504,2.0615528128088303,31.493681467443174
25.548442125320435,1026,506,1.4142135623730951,23.81190828535761
25.616585969924927,1025,508,1.118033988749895,16.406969627836226
25.68227505683899,1026,508,0.5,7.611614401858304
25.75699806213379,1025,509,0.7071067811865476,9.463039908483944
25.822312831878662,1027,509,1.0,15.310472713998905
25.886011123657227,1029,510,1.118033988749895,17.55202467024606
25.954095125198364,1033,510,2.0,29.37547668656873
26.02594780921936,1037,515,3.2015621187164243,44.55730725077569
26.08906388282776,1042,514,2.5495097567963922,40.393985415105824
26.15212321281433,1044,514,1.0,15.858081590986426
26.218544960021973,1048,511,2.5,37.63827518997247
26.284130096435547,1050,511,1.0,15.247357170900525
26.35453701019287,1052,510,1.118033988749895,15.879605128034592
26.418529987335205,1053,510,0.5,7.813357376511703
26.49020791053772,1052,511,0.7071067811865476,9.865056764950193
26.55548596382141,1052,511,0.0,0.0
26.62108302116394,1051,511,0.5,7.622293137162256
26.685160875320435,1051,511,0.0,0.0
26.749871015548706,1051,512,0.5,7.726764278924447
26.827245950698853,1050,511,0.7071067811865476,9.138705962265467
26.895706176757812,1049,512,0.7071067811865476,10.328724018199507
26.959483861923218,1047,513,1.118033988749895,17.53017510513766
27.021443128585815,1045,516,1.8027756377319946,29.096142269551077
27.087219953536987,1041,518,2.23606797749979,33.994769117537835
27.153325080871582,1037,518,2.0,30.254839233224534
27.220173120498657,1035,521,1.8027756377319946,26.968264855471148
27.28684687614441,1036,521,0.5,7.49920257464688
27.349517107009888,1036,522,0.5,7.978269636077274
27.41531491279602,1036,525,1.5,22.797112792416733
27.483010053634644,1036,525,0.0,0.0
27.55608606338501,1036,525,0.0,0.0
27.620086908340454,1037,525,0.5,7.812396857386594
27.684144020080566,1037,525,0.0,0.0
27.751154899597168,1037,525,0.0,0.0
27.816280126571655,1037,525,0.0,0.0
27.883153200149536,1037,525,0.0,0.0
27.95902419090271,1037,525,0.0,0.0
28.022294998168945,1037,525,0.0,0.0
28.086730003356934,1037,525,0.0,0.0
28.1594820022583,1038,525,0.5,6.872663398264426
28.2233989238739,1038,524,0.5,7.822654586011257
28.288182020187378,1038,524,0.0,0.0
28.352521896362305,1038,523,0.5,7.771230374155584
28.41796612739563,1038,523,0.0,0.0
28.48563504219055,1038,524,0.5,7.388917075370652
28.55334496498108,1038,524,0.0,0.0
28.848785161972046,1038,524,0.0,0.0
28.914928197860718,1038,523,0.5,7.5593748197704596
28.95524001121521,1038,523,0.0,0.0
29.018402099609375,1038,523,0.0,0.0
29.082519054412842,1038,523,0.0,0.0
29.151540994644165,1039,522,0.7071067811865476,10.244666823574041
29.21619415283203,1039,522,0.0,0.0
29.284579038619995,1039,522,0.0,0.0
29.35299801826477,1039,522,0.0,0.0
29.41685390472412,1039,522,0.0,0.0
29.482139825820923,1039,522,0.0,0.0
29.559673070907593,1039,523,0.5,6.448846548871765
29.623929023742676,1039,523,0.0,0.0
29.688847064971924,1039,522,0.5,7.7020192003995795
29.754101991653442,1039,522,0.0,0.0
29.818013906478882,1039,522,0.0,0.0
29.884870052337646,1038,522,0.5,7.478744004422017
29.969727993011475,1038,522,0.0,0.0
30.03351902961731,1037,522,0.5,7.838091785363228
30.09992289543152,1036,522,0.5,7.529682103131575
30.16572117805481,1036,522,0.0,0.0
30.23243999481201,1036,522,0.0,0.0
30.30052089691162,1035,522,0.5,7.344203507592312
30.362255096435547,1032,522,1.5,24.2977152302535
30.425894021987915,1030,522,1.0,15.713653103352677
30.49103307723999,1029,522,0.5,7.675886579335537
30.554008960723877,1027,522,1.0,15.879094419625956
30.6202712059021,1026,523,0.7071067811865476,10.67133749067321
30.686312913894653,1026,524,0.5,7.570973180408593
30.75617504119873,1025,525,0.7071067811865476,10.121460775290203
30.820486783981323,1025,527,1.0,15.5492598510434
30.89746618270874,1025,531,2.0,25.980977158343013
30.965502977371216,1027,532,1.118033988749895,16.43278455865478
31.031091928482056,1027,535,1.5,22.86970556161396
31.092243909835815,1029,538,1.8027756377319946,29.480249009481287
31.158488988876343,1031,538,1.0,15.095460892849431
31.22411012649536,1031,536,1.0,15.238992133994586
31.289797067642212,1031,535,0.5,7.6118630472104565
31.354565143585205,1031,532,1.5,23.159557824756956
31.42021918296814,1031,530,1.0,15.231355289008
31.484412908554077,1030,529,0.7071067811865476,11.015200858531395
31.553952932357788,1029,528,0.7071067811865476,10.16834252433508
31.626275062561035,1025,526,2.23606797749979,30.91817084502022
31.689267873764038,1022,525,1.5811388300841898,25.10030589028253
31.753709077835083,1019,525,1.5,23.277032476709856
31.82730007171631,1016,524,1.5811388300841898,21.485493627604985
31.88836407661438,1010,526,3.1622776601683795,51.78628007525691
31.961013078689575,1004,526,3.0,41.294441964871744
32.02497100830078,997,528,3.640054944640259,56.9132704383615
32.09043312072754,993,528,2.0,30.552023542437574
32.153786182403564,992,528,0.5,7.892278396218605
32.2184271812439,991,527,0.7071067811865476,10.938982903608169
32.285070180892944,990,526,0.7071067811865476,10.61036845445552
32.36006498336792,989,524,1.118033988749895,14.908152989975042
32.42479586601257,989,523,0.5,7.724288308330356
32.49045705795288,989,521,1.0,15.229696118052454
32.554802894592285,989,520,0.5,7.7705105118457425
32.620699882507324,990,520,0.5,7.587600219977423
32.68467402458191,993,520,1.5,23.446973282599217
32.75337505340576,995,519,1.118033988749895,16.273904596341662
32.824645042419434,998,519,1.5,21.046726971043196
32.88928413391113,1001,520,1.5811388300841898,24.461031143781398
32.960487842559814,1002,520,0.5,7.022106144316089
33.025662899017334,1003,520,0.5,7.671646595747794
33.092392921447754,1004,520,0.5,7.492879243692075
33.156588077545166,1004,520,0.0,0.0
33.22461199760437,1005,520,0.5,7.350355574404251
33.28977298736572,1005,520,0.0,0.0
33.35307598114014,1005,520,0.0,0.0
33.42164611816406,1006,521,0.7071067811865476,10.31216812268905
33.48659086227417,1006,521,0.0,0.0
33.55098223686218,1006,521,0.0,0.0
33.619807958602905,1006,521,0.0,0.0
33.69033122062683,1006,521,0.0,0.0
33.7543740272522,1006,521,0.0,0.0
33.82242393493652,1006,521,0.0,0.0
33.88699793815613,1006,520,0.5,7.743054094069258
33.953773975372314,1006,519,0.5,7.487715965852492
34.02996206283569,1006,519,0.0,0.0
34.09579586982727,1006,519,0.0,0.0
34.1586811542511,1006,519,0.0,0.0
34.222100019454956,1006,519,0.0,0.0
34.28698205947876,1006,519,0.0,0.0
34.35269904136658,1006,518,0.5,7.608383489879806
34.420191049575806,1006,518,0.0,0.0
34.487902879714966,1006,518,0.0,0.0
34.55230784416199,1006,518,0.0,0.0
34.625593185424805,1006,519,0.5,6.822646812912964
34.689769983291626,1006,519,0.0,0.0
34.755160093307495,1006,519,0.0,0.0
34.81976079940796,1005,519,0.5,7.739853481205366
34.88944101333618,1005,519,0.0,0.0
34.954318046569824,1005,518,0.5,7.706887554480843
35.01994204521179,1005,517,0.5,7.61916387826207
35.08633589744568,1006,516,0.7071067811865476,10.650184578771102
35.15806794166565,1006,515,0.5,6.970385487226872
35.2238450050354,1006,516,0.5,7.601433910014535
35.28976607322693,1006,515,0.5,7.5848285490048575
35.35673999786377,1006,515,0.0,0.0
35.420539140701294,1006,515,0.0,0.0
35.48658990859985,1006,515,0.0,0.0
35.551846981048584,1007,515,0.5,7.662004764201265
35.62248706817627,1007,515,0.0,0.0
35.69804906845093,1008,515,0.5,6.617082636544347
35.76279306411743,1008,516,0.5,7.722723858062426
35.83001399040222,1008,517,0.5,7.43815992480803
35.89483380317688,1009,518,0.7071067811865476,10.908806288052043
35.96017503738403,1009,519,0.5,7.652135838371749
36.02472186088562,1009,517,1.0,15.492629160525839
36.09074783325195,1009,517,0.0,0.0
36.155601024627686,1010,516,0.7071067811865476,10.903191750269697
36.22348380088806,1010,515,0.5,7.365638642741491
36.288997173309326,1010,515,0.0,0.0
36.35442519187927,1009,514,0.7071067811865476,10.807400203180691
36.42889404296875,1009,513,0.5,6.7142166514591235
36.49517202377319,1009,513,0.0,0.0
36.55791687965393,1009,514,0.5,7.968780754718415
36.623944997787476,1010,513,0.7071067811865476,10.70917665344318
36.68894696235657,1012,513,1.0,15.384150411901496
36.7523078918457,1012,515,1.0,15.782596752648116
